Using pre-set license
Built from '2022.3/respin/2022.3.62f2-4af31df585-v2' branch; Version is '2022.3.62f3 (96770f904ca7) revision 9860879'; Using compiler version '192829333'; Build Type 'Release'
OS: 'Windows 10  (10.0.19045) 64bit Professional' Language: 'ru' Physical Memory: 16303 MB
BatchMode: 1, IsHumanControllingUs: 0, StartBugReporterOnCrash: 0, Is64bit: 1, IsPro: 1

COMMAND LINE ARGUMENTS:
C:\Program Files\Unity 2022.3.62f3\Editor\Unity.exe
-adb2
-batchMode
-noUpm
-name
AssetImportWorker1
-projectPath
C:/Users/Pupil1/Documents/GitHub/Shooter/shooterrr
-logFile
Logs/AssetImportWorker1.log
-srvPort
62373
Successfully changed project path to: C:/Users/Pupil1/Documents/GitHub/Shooter/shooterrr
C:/Users/Pupil1/Documents/GitHub/Shooter/shooterrr
[UnityMemory] Configuration Parameters - Can be set up in boot.config
    "memorysetup-bucket-allocator-granularity=16"
    "memorysetup-bucket-allocator-bucket-count=8"
    "memorysetup-bucket-allocator-block-size=33554432"
    "memorysetup-bucket-allocator-block-count=8"
    "memorysetup-main-allocator-block-size=16777216"
    "memorysetup-thread-allocator-block-size=16777216"
    "memorysetup-gfx-main-allocator-block-size=16777216"
    "memorysetup-gfx-thread-allocator-block-size=16777216"
    "memorysetup-cache-allocator-block-size=4194304"
    "memorysetup-typetree-allocator-block-size=2097152"
    "memorysetup-profiler-bucket-allocator-granularity=16"
    "memorysetup-profiler-bucket-allocator-bucket-count=8"
    "memorysetup-profiler-bucket-allocator-block-size=33554432"
    "memorysetup-profiler-bucket-allocator-block-count=8"
    "memorysetup-profiler-allocator-block-size=16777216"
    "memorysetup-profiler-editor-allocator-block-size=1048576"
    "memorysetup-temp-allocator-size-main=16777216"
    "memorysetup-job-temp-allocator-block-size=2097152"
    "memorysetup-job-temp-allocator-block-size-background=1048576"
    "memorysetup-job-temp-allocator-reduction-small-platforms=262144"
    "memorysetup-allocator-temp-initial-block-size-main=262144"
    "memorysetup-allocator-temp-initial-block-size-worker=262144"
    "memorysetup-temp-allocator-size-background-worker=32768"
    "memorysetup-temp-allocator-size-job-worker=262144"
    "memorysetup-temp-allocator-size-preload-manager=33554432"
    "memorysetup-temp-allocator-size-nav-mesh-worker=65536"
    "memorysetup-temp-allocator-size-audio-worker=65536"
    "memorysetup-temp-allocator-size-cloud-worker=32768"
    "memorysetup-temp-allocator-size-gi-baking-worker=262144"
    "memorysetup-temp-allocator-size-gfx=262144"
Player connection [4324]  Target information:

Player connection [4324]  * "[IP] 100.115.32.145 [Port] 0 [Flags] 2 [Guid] 2455400854 [EditorId] 2455400854 [Version] 1048832 [Id] WindowsEditor(7,DESKTOP-USMMIMO) [Debug] 1 [PackageName] WindowsEditor [ProjectName] Editor" 

Player connection [4324] Host joined multi-casting on [225.0.0.222:54997]...
Player connection [4324] Host joined alternative multi-casting on [225.0.0.222:34997]...
Input System module state changed to: Initialized.
[PhysX] Initialized MultithreadedTaskDispatcher with 12 workers.
Refreshing native plugins compatible for Editor in 18.12 ms, found 4 plugins.
Preloading 0 native plugins for Editor in 0.00 ms.
Initialize engine version: 2022.3.62f3 (96770f904ca7)
[Subsystems] Discovering subsystems at path C:/Program Files/Unity 2022.3.62f3/Editor/Data/Resources/UnitySubsystems
[Subsystems] Discovering subsystems at path C:/Users/Pupil1/Documents/GitHub/Shooter/shooterrr/Assets
GfxDevice: creating device client; threaded=0; jobified=0
Direct3D:
    Version:  Direct3D 11.0 [level 11.1]
    Renderer: NVIDIA GeForce GTX 1660 (ID=0x2184)
    Vendor:   NVIDIA
    VRAM:     5991 MB
    Driver:   27.21.14.5751
Initialize mono
Mono path[0] = 'C:/Program Files/Unity 2022.3.62f3/Editor/Data/Managed'
Mono path[1] = 'C:/Program Files/Unity 2022.3.62f3/Editor/Data/MonoBleedingEdge/lib/mono/unityjit-win32'
Mono config path = 'C:/Program Files/Unity 2022.3.62f3/Editor/Data/MonoBleedingEdge/etc'
Using monoOptions --debugger-agent=transport=dt_socket,embedding=1,server=y,suspend=n,address=127.0.0.1:56780
Begin MonoManager ReloadAssembly
Registering precompiled unity dll's ...
Register platform support module: C:/Program Files/Unity 2022.3.62f3/Editor/Data/PlaybackEngines/WindowsStandaloneSupport/UnityEditor.WindowsStandalone.Extensions.dll
Registered in 0.009047 seconds.
- Loaded All Assemblies, in  0.369 seconds
Native extension for WindowsStandalone target not found
Mono: successfully reloaded assembly
- Finished resetting the current domain, in  0.259 seconds
Domain Reload Profiling: 625ms
	BeginReloadAssembly (110ms)
		ExecutionOrderSort (0ms)
		DisableScriptedObjects (0ms)
		BackupInstance (0ms)
		ReleaseScriptingObjects (0ms)
		CreateAndSetChildDomain (1ms)
	RebuildCommonClasses (36ms)
	RebuildNativeTypeToScriptingClass (11ms)
	initialDomainReloadingComplete (65ms)
	LoadAllAssembliesAndSetupDomain (143ms)
		LoadAssemblies (107ms)
		RebuildTransferFunctionScriptingTraits (0ms)
		AnalyzeDomain (142ms)
			TypeCache.Refresh (140ms)
				TypeCache.ScanAssembly (127ms)
			ScanForSourceGeneratedMonoScriptInfo (0ms)
			ResolveRequiredComponents (0ms)
	FinalizeReload (259ms)
		ReleaseScriptCaches (0ms)
		RebuildScriptCaches (0ms)
		SetupLoadedEditorAssemblies (214ms)
			LogAssemblyErrors (0ms)
			InitializePlatformSupportModulesInManaged (12ms)
			SetLoadedEditorAssemblies (7ms)
			RefreshPlugins (0ms)
			BeforeProcessingInitializeOnLoad (2ms)
			ProcessInitializeOnLoadAttributes (143ms)
			ProcessInitializeOnLoadMethodAttributes (49ms)
			AfterProcessingInitializeOnLoad (0ms)
			EditorAssembliesLoaded (0ms)
		ExecutionOrderSort2 (0ms)
		AwakeInstancesAfterBackupRestoration (0ms)
========================================================================
Worker process is ready to serve import requests
Caller must complete domain reload
Begin MonoManager ReloadAssembly
- Loaded All Assemblies, in  0.671 seconds
Native extension for WindowsStandalone target not found
Mono: successfully reloaded assembly
- Finished resetting the current domain, in  0.539 seconds
Domain Reload Profiling: 1205ms
	BeginReloadAssembly (154ms)
		ExecutionOrderSort (0ms)
		DisableScriptedObjects (5ms)
		BackupInstance (0ms)
		ReleaseScriptingObjects (0ms)
		CreateAndSetChildDomain (21ms)
	RebuildCommonClasses (35ms)
	RebuildNativeTypeToScriptingClass (11ms)
	initialDomainReloadingComplete (48ms)
	LoadAllAssembliesAndSetupDomain (418ms)
		LoadAssemblies (318ms)
		RebuildTransferFunctionScriptingTraits (0ms)
		AnalyzeDomain (190ms)
			TypeCache.Refresh (169ms)
				TypeCache.ScanAssembly (157ms)
			ScanForSourceGeneratedMonoScriptInfo (15ms)
			ResolveRequiredComponents (5ms)
	FinalizeReload (539ms)
		ReleaseScriptCaches (0ms)
		RebuildScriptCaches (0ms)
		SetupLoadedEditorAssemblies (406ms)
			LogAssemblyErrors (0ms)
			InitializePlatformSupportModulesInManaged (7ms)
			SetLoadedEditorAssemblies (3ms)
			RefreshPlugins (0ms)
			BeforeProcessingInitializeOnLoad (68ms)
			ProcessInitializeOnLoadAttributes (292ms)
			ProcessInitializeOnLoadMethodAttributes (24ms)
			AfterProcessingInitializeOnLoad (12ms)
			EditorAssembliesLoaded (0ms)
		ExecutionOrderSort2 (0ms)
		AwakeInstancesAfterBackupRestoration (7ms)
Launched and connected shader compiler UnityShaderCompiler.exe after 0.04 seconds
Refreshing native plugins compatible for Editor in 6.18 ms, found 4 plugins.
Preloading 0 native plugins for Editor in 0.00 ms.
Unloading 3604 Unused Serialized files (Serialized files now loaded: 0)
Unloading 22 unused Assets / (57.0 KB). Loaded Objects now: 4099.
Memory consumption went from 145.2 MB to 145.2 MB.
Total: 3.700200 ms (FindLiveObjects: 0.250700 ms CreateObjectMapping: 0.243200 ms MarkObjects: 3.117800 ms  DeleteObjects: 0.087700 ms)

AssetImportParameters requested are different than current active one (requested -> active):
  custom:container-demuxer-ogg: 62fdf1f143b41e24485cea50d1cbac27 -> 
  custom:video-decoder-ogg-theora: a1e56fd34408186e4bbccfd4996cb3dc -> 
  custom:framework-win-MediaFoundation: 216162199b28c13a410421893ffa2e32 -> 
  custom:CustomObjectIndexerAttribute: 9a22284fe3817be447336de3de66b15e -> 
  custom:container-demuxer-webm: 4f35f7cbe854078d1ac9338744f61a02 -> 
  custom:container-muxer-webm: aa71ff27fc2769a1b78a27578f13a17b -> 
  custom:video-decoder-webm-vp8: 9c59270c3fd7afecdb556c50c9e8de78 -> 
  custom:SearchIndexIgnoredProperties: e643bd26f0fe6173181afceb89e7c659 -> 
  custom:AudioImporter_EditorPlatform: d09bf68614088b80899f8185d706f6e7 -> 
  custom:video-encoder-webm-vp8: eb34c28f22e8b96e1ab97ce403110664 -> 
  custom:audio-decoder-ogg-vorbis: bf7c407c2cedff20999df2af8eb42d56 -> 
  custom:audio-encoder-webm-vorbis: bf7c407c2cedff20999df2af8eb42d56 -> 
========================================================================
Received Prepare
Caller must complete domain reload
Begin MonoManager ReloadAssembly
- Loaded All Assemblies, in  0.467 seconds
Native extension for WindowsStandalone target not found
Mono: successfully reloaded assembly
- Finished resetting the current domain, in  1.045 seconds
Domain Reload Profiling: 1507ms
	BeginReloadAssembly (159ms)
		ExecutionOrderSort (0ms)
		DisableScriptedObjects (5ms)
		BackupInstance (0ms)
		ReleaseScriptingObjects (0ms)
		CreateAndSetChildDomain (38ms)
	RebuildCommonClasses (32ms)
	RebuildNativeTypeToScriptingClass (11ms)
	initialDomainReloadingComplete (33ms)
	LoadAllAssembliesAndSetupDomain (227ms)
		LoadAssemblies (298ms)
		RebuildTransferFunctionScriptingTraits (0ms)
		AnalyzeDomain (13ms)
			TypeCache.Refresh (6ms)
				TypeCache.ScanAssembly (0ms)
			ScanForSourceGeneratedMonoScriptInfo (0ms)
			ResolveRequiredComponents (6ms)
	FinalizeReload (1045ms)
		ReleaseScriptCaches (0ms)
		RebuildScriptCaches (0ms)
		SetupLoadedEditorAssemblies (415ms)
			LogAssemblyErrors (0ms)
			InitializePlatformSupportModulesInManaged (9ms)
			SetLoadedEditorAssemblies (4ms)
			RefreshPlugins (0ms)
			BeforeProcessingInitializeOnLoad (73ms)
			ProcessInitializeOnLoadAttributes (296ms)
			ProcessInitializeOnLoadMethodAttributes (22ms)
			AfterProcessingInitializeOnLoad (12ms)
			EditorAssembliesLoaded (0ms)
		ExecutionOrderSort2 (0ms)
		AwakeInstancesAfterBackupRestoration (8ms)
Refreshing native plugins compatible for Editor in 6.59 ms, found 4 plugins.
Preloading 0 native plugins for Editor in 0.00 ms.
Unloading 3595 Unused Serialized files (Serialized files now loaded: 0)
Unloading 17 unused Assets / (30.0 KB). Loaded Objects now: 4103.
Memory consumption went from 143.9 MB to 143.9 MB.
Total: 4.311000 ms (FindLiveObjects: 0.291800 ms CreateObjectMapping: 0.296600 ms MarkObjects: 3.680900 ms  DeleteObjects: 0.040700 ms)

Prepare: number of updated asset objects reloaded= 0
AssetImportParameters requested are different than current active one (requested -> active):
  custom:container-demuxer-ogg: 62fdf1f143b41e24485cea50d1cbac27 -> 
  custom:video-decoder-ogg-theora: a1e56fd34408186e4bbccfd4996cb3dc -> 
  custom:framework-win-MediaFoundation: 216162199b28c13a410421893ffa2e32 -> 
  custom:CustomObjectIndexerAttribute: 9a22284fe3817be447336de3de66b15e -> 
  custom:container-demuxer-webm: 4f35f7cbe854078d1ac9338744f61a02 -> 
  custom:container-muxer-webm: aa71ff27fc2769a1b78a27578f13a17b -> 
  custom:video-decoder-webm-vp8: 9c59270c3fd7afecdb556c50c9e8de78 -> 
  custom:SearchIndexIgnoredProperties: e643bd26f0fe6173181afceb89e7c659 -> 
  custom:AudioImporter_EditorPlatform: d09bf68614088b80899f8185d706f6e7 -> 
  custom:video-encoder-webm-vp8: eb34c28f22e8b96e1ab97ce403110664 -> 
  custom:audio-decoder-ogg-vorbis: bf7c407c2cedff20999df2af8eb42d56 -> 
  custom:audio-encoder-webm-vorbis: bf7c407c2cedff20999df2af8eb42d56 -> 
========================================================================
Received Import Request.
  Time since last request: 1185897.877216 seconds.
  path: Assets/models/Sketchfab_2022_09_21_06_15_37.blend
  artifactKey: Guid(87e50ae769e8ffc4da42dffe632b23db) Importer(815301076,1909f56bfc062723c751e8b465ee728b)
Start importing Assets/models/Sketchfab_2022_09_21_06_15_37.blend using Guid(87e50ae769e8ffc4da42dffe632b23db) Importer(815301076,1909f56bfc062723c751e8b465ee728b) [PhysX] Initialized MultithreadedTaskDispatcher with 12 workers.
[PhysX] Initialized MultithreadedTaskDispatcher with 12 workers.
[PhysX] Initialized MultithreadedTaskDispatcher with 12 workers.
[PhysX] Initialized MultithreadedTaskDispatcher with 12 workers.
[PhysX] Initialized MultithreadedTaskDispatcher with 12 workers.
[PhysX] Initialized MultithreadedTaskDispatcher with 12 workers.
[PhysX] Initialized MultithreadedTaskDispatcher with 12 workers.
[PhysX] Initialized MultithreadedTaskDispatcher with 12 workers.
[PhysX] Initialized MultithreadedTaskDispatcher with 12 workers.
[PhysX] Initialized MultithreadedTaskDispatcher with 12 workers.
[PhysX] Initialized MultithreadedTaskDispatcher with 12 workers.
[PhysX] Initialized MultithreadedTaskDispatcher with 12 workers.
[PhysX] Initialized MultithreadedTaskDispatcher with 12 workers.
 -> (artifact id: '33cf1a39591c21bf9f28afd6a8c0d36d') in 0.185048 seconds
Number of updated asset objects reloaded before import = 0
Number of asset objects unloaded after import = 32
========================================================================
Received Prepare
Caller must complete domain reload
Begin MonoManager ReloadAssembly
- Loaded All Assemblies, in  0.467 seconds
Native extension for WindowsStandalone target not found
Mono: successfully reloaded assembly
- Finished resetting the current domain, in  0.969 seconds
Domain Reload Profiling: 1431ms
	BeginReloadAssembly (146ms)
		ExecutionOrderSort (0ms)
		DisableScriptedObjects (4ms)
		BackupInstance (0ms)
		ReleaseScriptingObjects (0ms)
		CreateAndSetChildDomain (27ms)
	RebuildCommonClasses (34ms)
	RebuildNativeTypeToScriptingClass (11ms)
	initialDomainReloadingComplete (32ms)
	LoadAllAssembliesAndSetupDomain (239ms)
		LoadAssemblies (300ms)
		RebuildTransferFunctionScriptingTraits (0ms)
		AnalyzeDomain (24ms)
			TypeCache.Refresh (10ms)
				TypeCache.ScanAssembly (1ms)
			ScanForSourceGeneratedMonoScriptInfo (6ms)
			ResolveRequiredComponents (6ms)
	FinalizeReload (969ms)
		ReleaseScriptCaches (0ms)
		RebuildScriptCaches (0ms)
		SetupLoadedEditorAssemblies (372ms)
			LogAssemblyErrors (0ms)
			InitializePlatformSupportModulesInManaged (7ms)
			SetLoadedEditorAssemblies (3ms)
			RefreshPlugins (0ms)
			BeforeProcessingInitializeOnLoad (67ms)
			ProcessInitializeOnLoadAttributes (263ms)
			ProcessInitializeOnLoadMethodAttributes (21ms)
			AfterProcessingInitializeOnLoad (11ms)
			EditorAssembliesLoaded (0ms)
		ExecutionOrderSort2 (0ms)
		AwakeInstancesAfterBackupRestoration (6ms)
Refreshing native plugins compatible for Editor in 6.43 ms, found 4 plugins.
Preloading 0 native plugins for Editor in 0.00 ms.
Unloading 3594 Unused Serialized files (Serialized files now loaded: 0)
Unloading 17 unused Assets / (30.0 KB). Loaded Objects now: 4151.
Memory consumption went from 148.6 MB to 148.5 MB.
Total: 3.588400 ms (FindLiveObjects: 0.250000 ms CreateObjectMapping: 0.180700 ms MarkObjects: 3.123200 ms  DeleteObjects: 0.033700 ms)

Prepare: number of updated asset objects reloaded= 0
AssetImportParameters requested are different than current active one (requested -> active):
  custom:container-demuxer-ogg: 62fdf1f143b41e24485cea50d1cbac27 -> 
  custom:video-decoder-ogg-theora: a1e56fd34408186e4bbccfd4996cb3dc -> 
  custom:framework-win-MediaFoundation: 216162199b28c13a410421893ffa2e32 -> 
  custom:CustomObjectIndexerAttribute: 9a22284fe3817be447336de3de66b15e -> 
  custom:container-demuxer-webm: 4f35f7cbe854078d1ac9338744f61a02 -> 
  custom:container-muxer-webm: aa71ff27fc2769a1b78a27578f13a17b -> 
  custom:video-decoder-webm-vp8: 9c59270c3fd7afecdb556c50c9e8de78 -> 
  custom:SearchIndexIgnoredProperties: e643bd26f0fe6173181afceb89e7c659 -> 
  custom:AudioImporter_EditorPlatform: d09bf68614088b80899f8185d706f6e7 -> 
  custom:video-encoder-webm-vp8: eb34c28f22e8b96e1ab97ce403110664 -> 
  custom:audio-decoder-ogg-vorbis: bf7c407c2cedff20999df2af8eb42d56 -> 
  custom:audio-encoder-webm-vorbis: bf7c407c2cedff20999df2af8eb42d56 -> 
========================================================================
Received Prepare
Caller must complete domain reload
Begin MonoManager ReloadAssembly
- Loaded All Assemblies, in  0.448 seconds
Native extension for WindowsStandalone target not found
Mono: successfully reloaded assembly
- Finished resetting the current domain, in  1.018 seconds
Domain Reload Profiling: 1461ms
	BeginReloadAssembly (142ms)
		ExecutionOrderSort (0ms)
		DisableScriptedObjects (5ms)
		BackupInstance (0ms)
		ReleaseScriptingObjects (0ms)
		CreateAndSetChildDomain (24ms)
	RebuildCommonClasses (33ms)
	RebuildNativeTypeToScriptingClass (11ms)
	initialDomainReloadingComplete (32ms)
	LoadAllAssembliesAndSetupDomain (224ms)
		LoadAssemblies (294ms)
		RebuildTransferFunctionScriptingTraits (0ms)
		AnalyzeDomain (13ms)
			TypeCache.Refresh (6ms)
				TypeCache.ScanAssembly (0ms)
			ScanForSourceGeneratedMonoScriptInfo (0ms)
			ResolveRequiredComponents (6ms)
	FinalizeReload (1018ms)
		ReleaseScriptCaches (0ms)
		RebuildScriptCaches (0ms)
		SetupLoadedEditorAssemblies (395ms)
			LogAssemblyErrors (0ms)
			InitializePlatformSupportModulesInManaged (7ms)
			SetLoadedEditorAssemblies (3ms)
			RefreshPlugins (0ms)
			BeforeProcessingInitializeOnLoad (72ms)
			ProcessInitializeOnLoadAttributes (281ms)
			ProcessInitializeOnLoadMethodAttributes (21ms)
			AfterProcessingInitializeOnLoad (11ms)
			EditorAssembliesLoaded (0ms)
		ExecutionOrderSort2 (0ms)
		AwakeInstancesAfterBackupRestoration (9ms)
Refreshing native plugins compatible for Editor in 7.34 ms, found 4 plugins.
Preloading 0 native plugins for Editor in 0.00 ms.
Unloading 3595 Unused Serialized files (Serialized files now loaded: 0)
Unloading 17 unused Assets / (30.0 KB). Loaded Objects now: 4155.
Memory consumption went from 148.8 MB to 148.8 MB.
Total: 3.712900 ms (FindLiveObjects: 0.271100 ms CreateObjectMapping: 0.258700 ms MarkObjects: 3.132100 ms  DeleteObjects: 0.049800 ms)

Prepare: number of updated asset objects reloaded= 0
AssetImportParameters requested are different than current active one (requested -> active):
  custom:container-demuxer-ogg: 62fdf1f143b41e24485cea50d1cbac27 -> 
  custom:video-decoder-ogg-theora: a1e56fd34408186e4bbccfd4996cb3dc -> 
  custom:framework-win-MediaFoundation: 216162199b28c13a410421893ffa2e32 -> 
  custom:CustomObjectIndexerAttribute: 9a22284fe3817be447336de3de66b15e -> 
  custom:container-demuxer-webm: 4f35f7cbe854078d1ac9338744f61a02 -> 
  custom:container-muxer-webm: aa71ff27fc2769a1b78a27578f13a17b -> 
  custom:video-decoder-webm-vp8: 9c59270c3fd7afecdb556c50c9e8de78 -> 
  custom:SearchIndexIgnoredProperties: e643bd26f0fe6173181afceb89e7c659 -> 
  custom:AudioImporter_EditorPlatform: d09bf68614088b80899f8185d706f6e7 -> 
  custom:video-encoder-webm-vp8: eb34c28f22e8b96e1ab97ce403110664 -> 
  custom:audio-decoder-ogg-vorbis: bf7c407c2cedff20999df2af8eb42d56 -> 
  custom:audio-encoder-webm-vorbis: bf7c407c2cedff20999df2af8eb42d56 -> 
========================================================================
Received Import Request.
  Time since last request: 95.867795 seconds.
  path: Assets/Scripts/Enemys/EnemyAnimator.cs
  artifactKey: Guid(baa8f476c9b3bbb4f8ff9ceacfec4e3b) Importer(815301076,1909f56bfc062723c751e8b465ee728b)
Start importing Assets/Scripts/Enemys/EnemyAnimator.cs using Guid(baa8f476c9b3bbb4f8ff9ceacfec4e3b) Importer(815301076,1909f56bfc062723c751e8b465ee728b) [PhysX] Initialized MultithreadedTaskDispatcher with 12 workers.
 -> (artifact id: 'f813a767d5b900f0b6b1eecbdda06ebc') in 0.004381 seconds
Number of updated asset objects reloaded before import = 0
Number of asset objects unloaded after import = 0
========================================================================
Received Prepare
Caller must complete domain reload
Begin MonoManager ReloadAssembly
- Loaded All Assemblies, in  0.485 seconds
Native extension for WindowsStandalone target not found
Mono: successfully reloaded assembly
- Finished resetting the current domain, in  0.993 seconds
Domain Reload Profiling: 1473ms
	BeginReloadAssembly (154ms)
		ExecutionOrderSort (0ms)
		DisableScriptedObjects (5ms)
		BackupInstance (0ms)
		ReleaseScriptingObjects (0ms)
		CreateAndSetChildDomain (25ms)
	RebuildCommonClasses (34ms)
	RebuildNativeTypeToScriptingClass (14ms)
	initialDomainReloadingComplete (36ms)
	LoadAllAssembliesAndSetupDomain (241ms)
		LoadAssemblies (310ms)
		RebuildTransferFunctionScriptingTraits (0ms)
		AnalyzeDomain (24ms)
			TypeCache.Refresh (10ms)
				TypeCache.ScanAssembly (1ms)
			ScanForSourceGeneratedMonoScriptInfo (7ms)
			ResolveRequiredComponents (6ms)
	FinalizeReload (994ms)
		ReleaseScriptCaches (0ms)
		RebuildScriptCaches (0ms)
		SetupLoadedEditorAssemblies (386ms)
			LogAssemblyErrors (0ms)
			InitializePlatformSupportModulesInManaged (7ms)
			SetLoadedEditorAssemblies (3ms)
			RefreshPlugins (0ms)
			BeforeProcessingInitializeOnLoad (66ms)
			ProcessInitializeOnLoadAttributes (278ms)
			ProcessInitializeOnLoadMethodAttributes (22ms)
			AfterProcessingInitializeOnLoad (10ms)
			EditorAssembliesLoaded (0ms)
		ExecutionOrderSort2 (0ms)
		AwakeInstancesAfterBackupRestoration (7ms)
Refreshing native plugins compatible for Editor in 6.62 ms, found 4 plugins.
Preloading 0 native plugins for Editor in 0.00 ms.
Unloading 3594 Unused Serialized files (Serialized files now loaded: 0)
Unloading 17 unused Assets / (30.0 KB). Loaded Objects now: 4159.
Memory consumption went from 148.6 MB to 148.6 MB.
Total: 3.492700 ms (FindLiveObjects: 0.245700 ms CreateObjectMapping: 0.183900 ms MarkObjects: 3.016200 ms  DeleteObjects: 0.046100 ms)

Prepare: number of updated asset objects reloaded= 0
AssetImportParameters requested are different than current active one (requested -> active):
  custom:container-demuxer-ogg: 62fdf1f143b41e24485cea50d1cbac27 -> 
  custom:video-decoder-ogg-theora: a1e56fd34408186e4bbccfd4996cb3dc -> 
  custom:framework-win-MediaFoundation: 216162199b28c13a410421893ffa2e32 -> 
  custom:CustomObjectIndexerAttribute: 9a22284fe3817be447336de3de66b15e -> 
  custom:container-demuxer-webm: 4f35f7cbe854078d1ac9338744f61a02 -> 
  custom:container-muxer-webm: aa71ff27fc2769a1b78a27578f13a17b -> 
  custom:video-decoder-webm-vp8: 9c59270c3fd7afecdb556c50c9e8de78 -> 
  custom:SearchIndexIgnoredProperties: e643bd26f0fe6173181afceb89e7c659 -> 
  custom:AudioImporter_EditorPlatform: d09bf68614088b80899f8185d706f6e7 -> 
  custom:video-encoder-webm-vp8: eb34c28f22e8b96e1ab97ce403110664 -> 
  custom:audio-decoder-ogg-vorbis: bf7c407c2cedff20999df2af8eb42d56 -> 
  custom:audio-encoder-webm-vorbis: bf7c407c2cedff20999df2af8eb42d56 -> 
========================================================================
Received Prepare
Caller must complete domain reload
Begin MonoManager ReloadAssembly
- Loaded All Assemblies, in  0.458 seconds
Native extension for WindowsStandalone target not found
Mono: successfully reloaded assembly
- Finished resetting the current domain, in  1.066 seconds
Domain Reload Profiling: 1519ms
	BeginReloadAssembly (144ms)
		ExecutionOrderSort (0ms)
		DisableScriptedObjects (5ms)
		BackupInstance (0ms)
		ReleaseScriptingObjects (0ms)
		CreateAndSetChildDomain (25ms)
	RebuildCommonClasses (32ms)
	RebuildNativeTypeToScriptingClass (11ms)
	initialDomainReloadingComplete (33ms)
	LoadAllAssembliesAndSetupDomain (233ms)
		LoadAssemblies (304ms)
		RebuildTransferFunctionScriptingTraits (0ms)
		AnalyzeDomain (13ms)
			TypeCache.Refresh (6ms)
				TypeCache.ScanAssembly (0ms)
			ScanForSourceGeneratedMonoScriptInfo (0ms)
			ResolveRequiredComponents (6ms)
	FinalizeReload (1066ms)
		ReleaseScriptCaches (0ms)
		RebuildScriptCaches (0ms)
		SetupLoadedEditorAssemblies (410ms)
			LogAssemblyErrors (0ms)
			InitializePlatformSupportModulesInManaged (7ms)
			SetLoadedEditorAssemblies (3ms)
			RefreshPlugins (0ms)
			BeforeProcessingInitializeOnLoad (72ms)
			ProcessInitializeOnLoadAttributes (294ms)
			ProcessInitializeOnLoadMethodAttributes (22ms)
			AfterProcessingInitializeOnLoad (11ms)
			EditorAssembliesLoaded (0ms)
		ExecutionOrderSort2 (0ms)
		AwakeInstancesAfterBackupRestoration (8ms)
Refreshing native plugins compatible for Editor in 6.64 ms, found 4 plugins.
Preloading 0 native plugins for Editor in 0.00 ms.
Unloading 3595 Unused Serialized files (Serialized files now loaded: 0)
Unloading 17 unused Assets / (30.0 KB). Loaded Objects now: 4163.
Memory consumption went from 148.9 MB to 148.8 MB.
Total: 3.592700 ms (FindLiveObjects: 0.271900 ms CreateObjectMapping: 0.204200 ms MarkObjects: 3.074000 ms  DeleteObjects: 0.041500 ms)

Prepare: number of updated asset objects reloaded= 0
AssetImportParameters requested are different than current active one (requested -> active):
  custom:container-demuxer-ogg: 62fdf1f143b41e24485cea50d1cbac27 -> 
  custom:video-decoder-ogg-theora: a1e56fd34408186e4bbccfd4996cb3dc -> 
  custom:framework-win-MediaFoundation: 216162199b28c13a410421893ffa2e32 -> 
  custom:CustomObjectIndexerAttribute: 9a22284fe3817be447336de3de66b15e -> 
  custom:container-demuxer-webm: 4f35f7cbe854078d1ac9338744f61a02 -> 
  custom:container-muxer-webm: aa71ff27fc2769a1b78a27578f13a17b -> 
  custom:video-decoder-webm-vp8: 9c59270c3fd7afecdb556c50c9e8de78 -> 
  custom:SearchIndexIgnoredProperties: e643bd26f0fe6173181afceb89e7c659 -> 
  custom:AudioImporter_EditorPlatform: d09bf68614088b80899f8185d706f6e7 -> 
  custom:video-encoder-webm-vp8: eb34c28f22e8b96e1ab97ce403110664 -> 
  custom:audio-decoder-ogg-vorbis: bf7c407c2cedff20999df2af8eb42d56 -> 
  custom:audio-encoder-webm-vorbis: bf7c407c2cedff20999df2af8eb42d56 -> 
========================================================================
Received Prepare
Caller must complete domain reload
Begin MonoManager ReloadAssembly
- Loaded All Assemblies, in  0.511 seconds
Native extension for WindowsStandalone target not found
Mono: successfully reloaded assembly
- Finished resetting the current domain, in  0.954 seconds
Domain Reload Profiling: 1460ms
	BeginReloadAssembly (151ms)
		ExecutionOrderSort (0ms)
		DisableScriptedObjects (5ms)
		BackupInstance (0ms)
		ReleaseScriptingObjects (0ms)
		CreateAndSetChildDomain (24ms)
	RebuildCommonClasses (32ms)
	RebuildNativeTypeToScriptingClass (11ms)
	initialDomainReloadingComplete (35ms)
	LoadAllAssembliesAndSetupDomain (277ms)
		LoadAssemblies (346ms)
		RebuildTransferFunctionScriptingTraits (0ms)
		AnalyzeDomain (22ms)
			TypeCache.Refresh (8ms)
				TypeCache.ScanAssembly (0ms)
			ScanForSourceGeneratedMonoScriptInfo (6ms)
			ResolveRequiredComponents (6ms)
	FinalizeReload (954ms)
		ReleaseScriptCaches (0ms)
		RebuildScriptCaches (0ms)
		SetupLoadedEditorAssemblies (366ms)
			LogAssemblyErrors (0ms)
			InitializePlatformSupportModulesInManaged (6ms)
			SetLoadedEditorAssemblies (3ms)
			RefreshPlugins (0ms)
			BeforeProcessingInitializeOnLoad (67ms)
			ProcessInitializeOnLoadAttributes (258ms)
			ProcessInitializeOnLoadMethodAttributes (22ms)
			AfterProcessingInitializeOnLoad (10ms)
			EditorAssembliesLoaded (0ms)
		ExecutionOrderSort2 (0ms)
		AwakeInstancesAfterBackupRestoration (7ms)
Refreshing native plugins compatible for Editor in 7.02 ms, found 4 plugins.
Preloading 0 native plugins for Editor in 0.00 ms.
Unloading 3595 Unused Serialized files (Serialized files now loaded: 0)
Unloading 17 unused Assets / (30.1 KB). Loaded Objects now: 4167.
Memory consumption went from 148.9 MB to 148.8 MB.
Total: 3.711200 ms (FindLiveObjects: 0.332100 ms CreateObjectMapping: 0.235000 ms MarkObjects: 3.096600 ms  DeleteObjects: 0.046600 ms)

Prepare: number of updated asset objects reloaded= 0
AssetImportParameters requested are different than current active one (requested -> active):
  custom:container-demuxer-ogg: 62fdf1f143b41e24485cea50d1cbac27 -> 
  custom:video-decoder-ogg-theora: a1e56fd34408186e4bbccfd4996cb3dc -> 
  custom:framework-win-MediaFoundation: 216162199b28c13a410421893ffa2e32 -> 
  custom:CustomObjectIndexerAttribute: 9a22284fe3817be447336de3de66b15e -> 
  custom:container-demuxer-webm: 4f35f7cbe854078d1ac9338744f61a02 -> 
  custom:container-muxer-webm: aa71ff27fc2769a1b78a27578f13a17b -> 
  custom:video-decoder-webm-vp8: 9c59270c3fd7afecdb556c50c9e8de78 -> 
  custom:SearchIndexIgnoredProperties: e643bd26f0fe6173181afceb89e7c659 -> 
  custom:AudioImporter_EditorPlatform: d09bf68614088b80899f8185d706f6e7 -> 
  custom:video-encoder-webm-vp8: eb34c28f22e8b96e1ab97ce403110664 -> 
  custom:audio-decoder-ogg-vorbis: bf7c407c2cedff20999df2af8eb42d56 -> 
  custom:audio-encoder-webm-vorbis: bf7c407c2cedff20999df2af8eb42d56 -> 
========================================================================
Received Import Request.
  Time since last request: 1911.176632 seconds.
  path: Assets/Scripts/Enemys/Enemy.cs
  artifactKey: Guid(7ad973ee92e027741b4cd6515322f7ff) Importer(815301076,1909f56bfc062723c751e8b465ee728b)
Start importing Assets/Scripts/Enemys/Enemy.cs using Guid(7ad973ee92e027741b4cd6515322f7ff) Importer(815301076,1909f56bfc062723c751e8b465ee728b) [PhysX] Initialized MultithreadedTaskDispatcher with 12 workers.
 -> (artifact id: '94f9cb840f6dfdeec5ebb16b07e6cce7') in 0.003569 seconds
Number of updated asset objects reloaded before import = 0
Number of asset objects unloaded after import = 0
========================================================================
Received Prepare
Caller must complete domain reload
Begin MonoManager ReloadAssembly
- Loaded All Assemblies, in  0.458 seconds
Native extension for WindowsStandalone target not found
Mono: successfully reloaded assembly
- Finished resetting the current domain, in  1.068 seconds
Domain Reload Profiling: 1521ms
	BeginReloadAssembly (147ms)
		ExecutionOrderSort (0ms)
		DisableScriptedObjects (5ms)
		BackupInstance (0ms)
		ReleaseScriptingObjects (0ms)
		CreateAndSetChildDomain (26ms)
	RebuildCommonClasses (32ms)
	RebuildNativeTypeToScriptingClass (11ms)
	initialDomainReloadingComplete (32ms)
	LoadAllAssembliesAndSetupDomain (230ms)
		LoadAssemblies (301ms)
		RebuildTransferFunctionScriptingTraits (0ms)
		AnalyzeDomain (14ms)
			TypeCache.Refresh (6ms)
				TypeCache.ScanAssembly (0ms)
			ScanForSourceGeneratedMonoScriptInfo (0ms)
			ResolveRequiredComponents (6ms)
	FinalizeReload (1069ms)
		ReleaseScriptCaches (0ms)
		RebuildScriptCaches (0ms)
		SetupLoadedEditorAssemblies (419ms)
			LogAssemblyErrors (0ms)
			InitializePlatformSupportModulesInManaged (7ms)
			SetLoadedEditorAssemblies (3ms)
			RefreshPlugins (0ms)
			BeforeProcessingInitializeOnLoad (75ms)
			ProcessInitializeOnLoadAttributes (299ms)
			ProcessInitializeOnLoadMethodAttributes (24ms)
			AfterProcessingInitializeOnLoad (11ms)
			EditorAssembliesLoaded (0ms)
		ExecutionOrderSort2 (0ms)
		AwakeInstancesAfterBackupRestoration (9ms)
Refreshing native plugins compatible for Editor in 7.51 ms, found 4 plugins.
Preloading 0 native plugins for Editor in 0.00 ms.
Unloading 3594 Unused Serialized files (Serialized files now loaded: 0)
Unloading 17 unused Assets / (30.0 KB). Loaded Objects now: 4171.
Memory consumption went from 148.6 MB to 148.6 MB.
Total: 3.849400 ms (FindLiveObjects: 0.300300 ms CreateObjectMapping: 0.253200 ms MarkObjects: 3.250000 ms  DeleteObjects: 0.044800 ms)

Prepare: number of updated asset objects reloaded= 0
AssetImportParameters requested are different than current active one (requested -> active):
  custom:container-demuxer-ogg: 62fdf1f143b41e24485cea50d1cbac27 -> 
  custom:video-decoder-ogg-theora: a1e56fd34408186e4bbccfd4996cb3dc -> 
  custom:framework-win-MediaFoundation: 216162199b28c13a410421893ffa2e32 -> 
  custom:CustomObjectIndexerAttribute: 9a22284fe3817be447336de3de66b15e -> 
  custom:container-demuxer-webm: 4f35f7cbe854078d1ac9338744f61a02 -> 
  custom:container-muxer-webm: aa71ff27fc2769a1b78a27578f13a17b -> 
  custom:video-decoder-webm-vp8: 9c59270c3fd7afecdb556c50c9e8de78 -> 
  custom:SearchIndexIgnoredProperties: e643bd26f0fe6173181afceb89e7c659 -> 
  custom:AudioImporter_EditorPlatform: d09bf68614088b80899f8185d706f6e7 -> 
  custom:video-encoder-webm-vp8: eb34c28f22e8b96e1ab97ce403110664 -> 
  custom:audio-decoder-ogg-vorbis: bf7c407c2cedff20999df2af8eb42d56 -> 
  custom:audio-encoder-webm-vorbis: bf7c407c2cedff20999df2af8eb42d56 -> 
========================================================================
Received Prepare
Caller must complete domain reload
Begin MonoManager ReloadAssembly
- Loaded All Assemblies, in  0.481 seconds
Native extension for WindowsStandalone target not found
Mono: successfully reloaded assembly
- Finished resetting the current domain, in  1.017 seconds
Domain Reload Profiling: 1493ms
	BeginReloadAssembly (159ms)
		ExecutionOrderSort (0ms)
		DisableScriptedObjects (5ms)
		BackupInstance (0ms)
		ReleaseScriptingObjects (0ms)
		CreateAndSetChildDomain (27ms)
	RebuildCommonClasses (34ms)
	RebuildNativeTypeToScriptingClass (11ms)
	initialDomainReloadingComplete (33ms)
	LoadAllAssembliesAndSetupDomain (239ms)
		LoadAssemblies (310ms)
		RebuildTransferFunctionScriptingTraits (0ms)
		AnalyzeDomain (26ms)
			TypeCache.Refresh (9ms)
				TypeCache.ScanAssembly (1ms)
			ScanForSourceGeneratedMonoScriptInfo (9ms)
			ResolveRequiredComponents (6ms)
	FinalizeReload (1017ms)
		ReleaseScriptCaches (0ms)
		RebuildScriptCaches (0ms)
		SetupLoadedEditorAssemblies (400ms)
			LogAssemblyErrors (0ms)
			InitializePlatformSupportModulesInManaged (7ms)
			SetLoadedEditorAssemblies (3ms)
			RefreshPlugins (0ms)
			BeforeProcessingInitializeOnLoad (73ms)
			ProcessInitializeOnLoadAttributes (283ms)
			ProcessInitializeOnLoadMethodAttributes (22ms)
			AfterProcessingInitializeOnLoad (13ms)
			EditorAssembliesLoaded (0ms)
		ExecutionOrderSort2 (0ms)
		AwakeInstancesAfterBackupRestoration (7ms)
Refreshing native plugins compatible for Editor in 6.38 ms, found 4 plugins.
Preloading 0 native plugins for Editor in 0.00 ms.
Unloading 3595 Unused Serialized files (Serialized files now loaded: 0)
Unloading 17 unused Assets / (30.1 KB). Loaded Objects now: 4175.
Memory consumption went from 148.9 MB to 148.8 MB.
Total: 3.828300 ms (FindLiveObjects: 0.374400 ms CreateObjectMapping: 0.238300 ms MarkObjects: 3.170400 ms  DeleteObjects: 0.044300 ms)

Prepare: number of updated asset objects reloaded= 0
AssetImportParameters requested are different than current active one (requested -> active):
  custom:container-demuxer-ogg: 62fdf1f143b41e24485cea50d1cbac27 -> 
  custom:video-decoder-ogg-theora: a1e56fd34408186e4bbccfd4996cb3dc -> 
  custom:framework-win-MediaFoundation: 216162199b28c13a410421893ffa2e32 -> 
  custom:CustomObjectIndexerAttribute: 9a22284fe3817be447336de3de66b15e -> 
  custom:container-demuxer-webm: 4f35f7cbe854078d1ac9338744f61a02 -> 
  custom:container-muxer-webm: aa71ff27fc2769a1b78a27578f13a17b -> 
  custom:video-decoder-webm-vp8: 9c59270c3fd7afecdb556c50c9e8de78 -> 
  custom:SearchIndexIgnoredProperties: e643bd26f0fe6173181afceb89e7c659 -> 
  custom:AudioImporter_EditorPlatform: d09bf68614088b80899f8185d706f6e7 -> 
  custom:video-encoder-webm-vp8: eb34c28f22e8b96e1ab97ce403110664 -> 
  custom:audio-decoder-ogg-vorbis: bf7c407c2cedff20999df2af8eb42d56 -> 
  custom:audio-encoder-webm-vorbis: bf7c407c2cedff20999df2af8eb42d56 -> 
  custom:scripting/precompiled-assembly-types:Assembly-CSharp: e9ee38f0495d31e596133a46948f5091 -> c18a527c25352c9689f6d471c7466508
========================================================================
Received Prepare
Caller must complete domain reload
Begin MonoManager ReloadAssembly
- Loaded All Assemblies, in  0.461 seconds
Native extension for WindowsStandalone target not found
Mono: successfully reloaded assembly
- Finished resetting the current domain, in  1.040 seconds
Domain Reload Profiling: 1497ms
	BeginReloadAssembly (145ms)
		ExecutionOrderSort (0ms)
		DisableScriptedObjects (5ms)
		BackupInstance (0ms)
		ReleaseScriptingObjects (0ms)
		CreateAndSetChildDomain (25ms)
	RebuildCommonClasses (32ms)
	RebuildNativeTypeToScriptingClass (11ms)
	initialDomainReloadingComplete (32ms)
	LoadAllAssembliesAndSetupDomain (235ms)
		LoadAssemblies (302ms)
		RebuildTransferFunctionScriptingTraits (0ms)
		AnalyzeDomain (15ms)
			TypeCache.Refresh (6ms)
				TypeCache.ScanAssembly (0ms)
			ScanForSourceGeneratedMonoScriptInfo (0ms)
			ResolveRequiredComponents (6ms)
	FinalizeReload (1041ms)
		ReleaseScriptCaches (0ms)
		RebuildScriptCaches (0ms)
		SetupLoadedEditorAssemblies (410ms)
			LogAssemblyErrors (0ms)
			InitializePlatformSupportModulesInManaged (7ms)
			SetLoadedEditorAssemblies (3ms)
			RefreshPlugins (0ms)
			BeforeProcessingInitializeOnLoad (71ms)
			ProcessInitializeOnLoadAttributes (292ms)
			ProcessInitializeOnLoadMethodAttributes (25ms)
			AfterProcessingInitializeOnLoad (12ms)
			EditorAssembliesLoaded (0ms)
		ExecutionOrderSort2 (0ms)
		AwakeInstancesAfterBackupRestoration (8ms)
Refreshing native plugins compatible for Editor in 7.36 ms, found 4 plugins.
Preloading 0 native plugins for Editor in 0.00 ms.
Unloading 3595 Unused Serialized files (Serialized files now loaded: 0)
Unloading 17 unused Assets / (30.1 KB). Loaded Objects now: 4179.
Memory consumption went from 148.9 MB to 148.9 MB.
Total: 3.665700 ms (FindLiveObjects: 0.273700 ms CreateObjectMapping: 0.244400 ms MarkObjects: 3.091700 ms  DeleteObjects: 0.054600 ms)

Prepare: number of updated asset objects reloaded= 0
AssetImportParameters requested are different than current active one (requested -> active):
  custom:container-demuxer-ogg: 62fdf1f143b41e24485cea50d1cbac27 -> 
  custom:video-decoder-ogg-theora: a1e56fd34408186e4bbccfd4996cb3dc -> 
  custom:framework-win-MediaFoundation: 216162199b28c13a410421893ffa2e32 -> 
  custom:CustomObjectIndexerAttribute: 9a22284fe3817be447336de3de66b15e -> 
  custom:container-demuxer-webm: 4f35f7cbe854078d1ac9338744f61a02 -> 
  custom:container-muxer-webm: aa71ff27fc2769a1b78a27578f13a17b -> 
  custom:video-decoder-webm-vp8: 9c59270c3fd7afecdb556c50c9e8de78 -> 
  custom:SearchIndexIgnoredProperties: e643bd26f0fe6173181afceb89e7c659 -> 
  custom:AudioImporter_EditorPlatform: d09bf68614088b80899f8185d706f6e7 -> 
  custom:video-encoder-webm-vp8: eb34c28f22e8b96e1ab97ce403110664 -> 
  custom:audio-decoder-ogg-vorbis: bf7c407c2cedff20999df2af8eb42d56 -> 
  custom:audio-encoder-webm-vorbis: bf7c407c2cedff20999df2af8eb42d56 -> 
  custom:scripting/precompiled-assembly-types:Assembly-CSharp: e9ee38f0495d31e596133a46948f5091 -> c18a527c25352c9689f6d471c7466508
========================================================================
Received Prepare
Caller must complete domain reload
Begin MonoManager ReloadAssembly
- Loaded All Assemblies, in  0.470 seconds
Native extension for WindowsStandalone target not found
Mono: successfully reloaded assembly
- Finished resetting the current domain, in  0.991 seconds
Domain Reload Profiling: 1456ms
	BeginReloadAssembly (146ms)
		ExecutionOrderSort (0ms)
		DisableScriptedObjects (5ms)
		BackupInstance (0ms)
		ReleaseScriptingObjects (0ms)
		CreateAndSetChildDomain (25ms)
	RebuildCommonClasses (33ms)
	RebuildNativeTypeToScriptingClass (11ms)
	initialDomainReloadingComplete (33ms)
	LoadAllAssembliesAndSetupDomain (241ms)
		LoadAssemblies (305ms)
		RebuildTransferFunctionScriptingTraits (0ms)
		AnalyzeDomain (21ms)
			TypeCache.Refresh (8ms)
				TypeCache.ScanAssembly (0ms)
			ScanForSourceGeneratedMonoScriptInfo (6ms)
			ResolveRequiredComponents (6ms)
	FinalizeReload (991ms)
		ReleaseScriptCaches (0ms)
		RebuildScriptCaches (0ms)
		SetupLoadedEditorAssemblies (379ms)
			LogAssemblyErrors (0ms)
			InitializePlatformSupportModulesInManaged (6ms)
			SetLoadedEditorAssemblies (3ms)
			RefreshPlugins (0ms)
			BeforeProcessingInitializeOnLoad (67ms)
			ProcessInitializeOnLoadAttributes (270ms)
			ProcessInitializeOnLoadMethodAttributes (22ms)
			AfterProcessingInitializeOnLoad (11ms)
			EditorAssembliesLoaded (0ms)
		ExecutionOrderSort2 (0ms)
		AwakeInstancesAfterBackupRestoration (7ms)
Refreshing native plugins compatible for Editor in 6.33 ms, found 4 plugins.
Preloading 0 native plugins for Editor in 0.00 ms.
Unloading 3595 Unused Serialized files (Serialized files now loaded: 0)
Unloading 17 unused Assets / (30.1 KB). Loaded Objects now: 4183.
Memory consumption went from 148.9 MB to 148.9 MB.
Total: 3.596300 ms (FindLiveObjects: 0.270100 ms CreateObjectMapping: 0.197900 ms MarkObjects: 3.090400 ms  DeleteObjects: 0.037000 ms)

Prepare: number of updated asset objects reloaded= 0
AssetImportParameters requested are different than current active one (requested -> active):
  custom:container-demuxer-ogg: 62fdf1f143b41e24485cea50d1cbac27 -> 
  custom:video-decoder-ogg-theora: a1e56fd34408186e4bbccfd4996cb3dc -> 
  custom:framework-win-MediaFoundation: 216162199b28c13a410421893ffa2e32 -> 
  custom:CustomObjectIndexerAttribute: 9a22284fe3817be447336de3de66b15e -> 
  custom:container-demuxer-webm: 4f35f7cbe854078d1ac9338744f61a02 -> 
  custom:container-muxer-webm: aa71ff27fc2769a1b78a27578f13a17b -> 
  custom:video-decoder-webm-vp8: 9c59270c3fd7afecdb556c50c9e8de78 -> 
  custom:SearchIndexIgnoredProperties: e643bd26f0fe6173181afceb89e7c659 -> 
  custom:AudioImporter_EditorPlatform: d09bf68614088b80899f8185d706f6e7 -> 
  custom:video-encoder-webm-vp8: eb34c28f22e8b96e1ab97ce403110664 -> 
  custom:audio-decoder-ogg-vorbis: bf7c407c2cedff20999df2af8eb42d56 -> 
  custom:audio-encoder-webm-vorbis: bf7c407c2cedff20999df2af8eb42d56 -> 
  custom:scripting/precompiled-assembly-types:Assembly-CSharp: e9ee38f0495d31e596133a46948f5091 -> c18a527c25352c9689f6d471c7466508
========================================================================
Received Prepare
Caller must complete domain reload
Begin MonoManager ReloadAssembly
- Loaded All Assemblies, in  0.455 seconds
Native extension for WindowsStandalone target not found
Mono: successfully reloaded assembly
- Finished resetting the current domain, in  1.049 seconds
Domain Reload Profiling: 1499ms
	BeginReloadAssembly (145ms)
		ExecutionOrderSort (0ms)
		DisableScriptedObjects (5ms)
		BackupInstance (0ms)
		ReleaseScriptingObjects (0ms)
		CreateAndSetChildDomain (25ms)
	RebuildCommonClasses (32ms)
	RebuildNativeTypeToScriptingClass (11ms)
	initialDomainReloadingComplete (33ms)
	LoadAllAssembliesAndSetupDomain (229ms)
		LoadAssemblies (300ms)
		RebuildTransferFunctionScriptingTraits (0ms)
		AnalyzeDomain (13ms)
			TypeCache.Refresh (5ms)
				TypeCache.ScanAssembly (0ms)
			ScanForSourceGeneratedMonoScriptInfo (0ms)
			ResolveRequiredComponents (6ms)
	FinalizeReload (1049ms)
		ReleaseScriptCaches (0ms)
		RebuildScriptCaches (0ms)
		SetupLoadedEditorAssemblies (406ms)
			LogAssemblyErrors (0ms)
			InitializePlatformSupportModulesInManaged (9ms)
			SetLoadedEditorAssemblies (3ms)
			RefreshPlugins (0ms)
			BeforeProcessingInitializeOnLoad (73ms)
			ProcessInitializeOnLoadAttributes (287ms)
			ProcessInitializeOnLoadMethodAttributes (23ms)
			AfterProcessingInitializeOnLoad (11ms)
			EditorAssembliesLoaded (0ms)
		ExecutionOrderSort2 (0ms)
		AwakeInstancesAfterBackupRestoration (9ms)
Refreshing native plugins compatible for Editor in 6.52 ms, found 4 plugins.
Preloading 0 native plugins for Editor in 0.00 ms.
Unloading 3595 Unused Serialized files (Serialized files now loaded: 0)
Unloading 17 unused Assets / (30.1 KB). Loaded Objects now: 4187.
Memory consumption went from 148.9 MB to 148.9 MB.
Total: 3.759400 ms (FindLiveObjects: 0.268100 ms CreateObjectMapping: 0.265400 ms MarkObjects: 3.182200 ms  DeleteObjects: 0.042900 ms)

Prepare: number of updated asset objects reloaded= 0
AssetImportParameters requested are different than current active one (requested -> active):
  custom:container-demuxer-ogg: 62fdf1f143b41e24485cea50d1cbac27 -> 
  custom:video-decoder-ogg-theora: a1e56fd34408186e4bbccfd4996cb3dc -> 
  custom:framework-win-MediaFoundation: 216162199b28c13a410421893ffa2e32 -> 
  custom:CustomObjectIndexerAttribute: 9a22284fe3817be447336de3de66b15e -> 
  custom:container-demuxer-webm: 4f35f7cbe854078d1ac9338744f61a02 -> 
  custom:container-muxer-webm: aa71ff27fc2769a1b78a27578f13a17b -> 
  custom:video-decoder-webm-vp8: 9c59270c3fd7afecdb556c50c9e8de78 -> 
  custom:SearchIndexIgnoredProperties: e643bd26f0fe6173181afceb89e7c659 -> 
  custom:AudioImporter_EditorPlatform: d09bf68614088b80899f8185d706f6e7 -> 
  custom:video-encoder-webm-vp8: eb34c28f22e8b96e1ab97ce403110664 -> 
  custom:audio-decoder-ogg-vorbis: bf7c407c2cedff20999df2af8eb42d56 -> 
  custom:audio-encoder-webm-vorbis: bf7c407c2cedff20999df2af8eb42d56 -> 
  custom:scripting/precompiled-assembly-types:Assembly-CSharp: e9ee38f0495d31e596133a46948f5091 -> c18a527c25352c9689f6d471c7466508
========================================================================
Received Prepare
Caller must complete domain reload
Begin MonoManager ReloadAssembly
- Loaded All Assemblies, in  0.465 seconds
Native extension for WindowsStandalone target not found
Mono: successfully reloaded assembly
- Finished resetting the current domain, in  0.981 seconds
Domain Reload Profiling: 1441ms
	BeginReloadAssembly (144ms)
		ExecutionOrderSort (0ms)
		DisableScriptedObjects (5ms)
		BackupInstance (0ms)
		ReleaseScriptingObjects (0ms)
		CreateAndSetChildDomain (26ms)
	RebuildCommonClasses (33ms)
	RebuildNativeTypeToScriptingClass (11ms)
	initialDomainReloadingComplete (33ms)
	LoadAllAssembliesAndSetupDomain (238ms)
		LoadAssemblies (300ms)
		RebuildTransferFunctionScriptingTraits (0ms)
		AnalyzeDomain (22ms)
			TypeCache.Refresh (8ms)
				TypeCache.ScanAssembly (0ms)
			ScanForSourceGeneratedMonoScriptInfo (6ms)
			ResolveRequiredComponents (6ms)
	FinalizeReload (981ms)
		ReleaseScriptCaches (0ms)
		RebuildScriptCaches (0ms)
		SetupLoadedEditorAssemblies (369ms)
			LogAssemblyErrors (0ms)
			InitializePlatformSupportModulesInManaged (6ms)
			SetLoadedEditorAssemblies (3ms)
			RefreshPlugins (0ms)
			BeforeProcessingInitializeOnLoad (67ms)
			ProcessInitializeOnLoadAttributes (261ms)
			ProcessInitializeOnLoadMethodAttributes (22ms)
			AfterProcessingInitializeOnLoad (10ms)
			EditorAssembliesLoaded (0ms)
		ExecutionOrderSort2 (0ms)
		AwakeInstancesAfterBackupRestoration (6ms)
Refreshing native plugins compatible for Editor in 6.90 ms, found 4 plugins.
Preloading 0 native plugins for Editor in 0.00 ms.
Unloading 3595 Unused Serialized files (Serialized files now loaded: 0)
Unloading 17 unused Assets / (30.1 KB). Loaded Objects now: 4191.
Memory consumption went from 148.9 MB to 148.9 MB.
Total: 3.866300 ms (FindLiveObjects: 0.280500 ms CreateObjectMapping: 0.231400 ms MarkObjects: 3.314100 ms  DeleteObjects: 0.039500 ms)

Prepare: number of updated asset objects reloaded= 0
AssetImportParameters requested are different than current active one (requested -> active):
  custom:container-demuxer-ogg: 62fdf1f143b41e24485cea50d1cbac27 -> 
  custom:video-decoder-ogg-theora: a1e56fd34408186e4bbccfd4996cb3dc -> 
  custom:framework-win-MediaFoundation: 216162199b28c13a410421893ffa2e32 -> 
  custom:CustomObjectIndexerAttribute: 9a22284fe3817be447336de3de66b15e -> 
  custom:container-demuxer-webm: 4f35f7cbe854078d1ac9338744f61a02 -> 
  custom:container-muxer-webm: aa71ff27fc2769a1b78a27578f13a17b -> 
  custom:video-decoder-webm-vp8: 9c59270c3fd7afecdb556c50c9e8de78 -> 
  custom:SearchIndexIgnoredProperties: e643bd26f0fe6173181afceb89e7c659 -> 
  custom:AudioImporter_EditorPlatform: d09bf68614088b80899f8185d706f6e7 -> 
  custom:video-encoder-webm-vp8: eb34c28f22e8b96e1ab97ce403110664 -> 
  custom:audio-decoder-ogg-vorbis: bf7c407c2cedff20999df2af8eb42d56 -> 
  custom:audio-encoder-webm-vorbis: bf7c407c2cedff20999df2af8eb42d56 -> 
  custom:scripting/precompiled-assembly-types:Assembly-CSharp: e9ee38f0495d31e596133a46948f5091 -> c18a527c25352c9689f6d471c7466508
========================================================================
Received Import Request.
  Time since last request: 428.151389 seconds.
  path: Assets/Scripts/Enemys/Enemy.cs
  artifactKey: Guid(7ad973ee92e027741b4cd6515322f7ff) Importer(815301076,1909f56bfc062723c751e8b465ee728b)
Start importing Assets/Scripts/Enemys/Enemy.cs using Guid(7ad973ee92e027741b4cd6515322f7ff) Importer(815301076,1909f56bfc062723c751e8b465ee728b) [PhysX] Initialized MultithreadedTaskDispatcher with 12 workers.
 -> (artifact id: 'ca10675a1eeb2b16e6b63061a2e2fa09') in 0.004408 seconds
Number of updated asset objects reloaded before import = 0
Number of asset objects unloaded after import = 0
========================================================================
Received Prepare
Caller must complete domain reload
Begin MonoManager ReloadAssembly
- Loaded All Assemblies, in  0.462 seconds
Native extension for WindowsStandalone target not found
Mono: successfully reloaded assembly
- Finished resetting the current domain, in  1.059 seconds
Domain Reload Profiling: 1516ms
	BeginReloadAssembly (148ms)
		ExecutionOrderSort (0ms)
		DisableScriptedObjects (5ms)
		BackupInstance (0ms)
		ReleaseScriptingObjects (0ms)
		CreateAndSetChildDomain (28ms)
	RebuildCommonClasses (33ms)
	RebuildNativeTypeToScriptingClass (11ms)
	initialDomainReloadingComplete (32ms)
	LoadAllAssembliesAndSetupDomain (233ms)
		LoadAssemblies (302ms)
		RebuildTransferFunctionScriptingTraits (0ms)
		AnalyzeDomain (14ms)
			TypeCache.Refresh (6ms)
				TypeCache.ScanAssembly (0ms)
			ScanForSourceGeneratedMonoScriptInfo (0ms)
			ResolveRequiredComponents (6ms)
	FinalizeReload (1059ms)
		ReleaseScriptCaches (0ms)
		RebuildScriptCaches (0ms)
		SetupLoadedEditorAssemblies (407ms)
			LogAssemblyErrors (0ms)
			InitializePlatformSupportModulesInManaged (7ms)
			SetLoadedEditorAssemblies (3ms)
			RefreshPlugins (0ms)
			BeforeProcessingInitializeOnLoad (74ms)
			ProcessInitializeOnLoadAttributes (288ms)
			ProcessInitializeOnLoadMethodAttributes (22ms)
			AfterProcessingInitializeOnLoad (12ms)
			EditorAssembliesLoaded (0ms)
		ExecutionOrderSort2 (0ms)
		AwakeInstancesAfterBackupRestoration (9ms)
Refreshing native plugins compatible for Editor in 7.32 ms, found 4 plugins.
Preloading 0 native plugins for Editor in 0.00 ms.
Unloading 3594 Unused Serialized files (Serialized files now loaded: 0)
Unloading 17 unused Assets / (30.1 KB). Loaded Objects now: 4195.
Memory consumption went from 148.7 MB to 148.6 MB.
Total: 3.777500 ms (FindLiveObjects: 0.301500 ms CreateObjectMapping: 0.262900 ms MarkObjects: 3.170300 ms  DeleteObjects: 0.041800 ms)

Prepare: number of updated asset objects reloaded= 0
AssetImportParameters requested are different than current active one (requested -> active):
  custom:container-demuxer-ogg: 62fdf1f143b41e24485cea50d1cbac27 -> 
  custom:video-decoder-ogg-theora: a1e56fd34408186e4bbccfd4996cb3dc -> 
  custom:framework-win-MediaFoundation: 216162199b28c13a410421893ffa2e32 -> 
  custom:CustomObjectIndexerAttribute: 9a22284fe3817be447336de3de66b15e -> 
  custom:container-demuxer-webm: 4f35f7cbe854078d1ac9338744f61a02 -> 
  custom:container-muxer-webm: aa71ff27fc2769a1b78a27578f13a17b -> 
  custom:video-decoder-webm-vp8: 9c59270c3fd7afecdb556c50c9e8de78 -> 
  custom:SearchIndexIgnoredProperties: e643bd26f0fe6173181afceb89e7c659 -> 
  custom:AudioImporter_EditorPlatform: d09bf68614088b80899f8185d706f6e7 -> 
  custom:video-encoder-webm-vp8: eb34c28f22e8b96e1ab97ce403110664 -> 
  custom:audio-decoder-ogg-vorbis: bf7c407c2cedff20999df2af8eb42d56 -> 
  custom:audio-encoder-webm-vorbis: bf7c407c2cedff20999df2af8eb42d56 -> 
  custom:scripting/precompiled-assembly-types:Assembly-CSharp: e9ee38f0495d31e596133a46948f5091 -> c18a527c25352c9689f6d471c7466508
========================================================================
Received Prepare
Caller must complete domain reload
Begin MonoManager ReloadAssembly
- Loaded All Assemblies, in  0.487 seconds
Native extension for WindowsStandalone target not found
Mono: successfully reloaded assembly
- Finished resetting the current domain, in  0.992 seconds
Domain Reload Profiling: 1474ms
	BeginReloadAssembly (152ms)
		ExecutionOrderSort (0ms)
		DisableScriptedObjects (5ms)
		BackupInstance (0ms)
		ReleaseScriptingObjects (0ms)
		CreateAndSetChildDomain (28ms)
	RebuildCommonClasses (37ms)
	RebuildNativeTypeToScriptingClass (11ms)
	initialDomainReloadingComplete (33ms)
	LoadAllAssembliesAndSetupDomain (249ms)
		LoadAssemblies (313ms)
		RebuildTransferFunctionScriptingTraits (0ms)
		AnalyzeDomain (24ms)
			TypeCache.Refresh (8ms)
				TypeCache.ScanAssembly (0ms)
			ScanForSourceGeneratedMonoScriptInfo (6ms)
			ResolveRequiredComponents (7ms)
	FinalizeReload (992ms)
		ReleaseScriptCaches (0ms)
		RebuildScriptCaches (0ms)
		SetupLoadedEditorAssemblies (377ms)
			LogAssemblyErrors (0ms)
			InitializePlatformSupportModulesInManaged (6ms)
			SetLoadedEditorAssemblies (3ms)
			RefreshPlugins (0ms)
			BeforeProcessingInitializeOnLoad (69ms)
			ProcessInitializeOnLoadAttributes (260ms)
			ProcessInitializeOnLoadMethodAttributes (26ms)
			AfterProcessingInitializeOnLoad (13ms)
			EditorAssembliesLoaded (0ms)
		ExecutionOrderSort2 (0ms)
		AwakeInstancesAfterBackupRestoration (6ms)
Refreshing native plugins compatible for Editor in 7.12 ms, found 4 plugins.
Preloading 0 native plugins for Editor in 0.00 ms.
Unloading 3595 Unused Serialized files (Serialized files now loaded: 0)
Unloading 17 unused Assets / (30.2 KB). Loaded Objects now: 4199.
Memory consumption went from 148.9 MB to 148.9 MB.
Total: 3.577400 ms (FindLiveObjects: 0.284300 ms CreateObjectMapping: 0.216300 ms MarkObjects: 3.036200 ms  DeleteObjects: 0.039700 ms)

Prepare: number of updated asset objects reloaded= 0
AssetImportParameters requested are different than current active one (requested -> active):
  custom:container-demuxer-ogg: 62fdf1f143b41e24485cea50d1cbac27 -> 
  custom:video-decoder-ogg-theora: a1e56fd34408186e4bbccfd4996cb3dc -> 
  custom:framework-win-MediaFoundation: 216162199b28c13a410421893ffa2e32 -> 
  custom:CustomObjectIndexerAttribute: 9a22284fe3817be447336de3de66b15e -> 
  custom:container-demuxer-webm: 4f35f7cbe854078d1ac9338744f61a02 -> 
  custom:container-muxer-webm: aa71ff27fc2769a1b78a27578f13a17b -> 
  custom:video-decoder-webm-vp8: 9c59270c3fd7afecdb556c50c9e8de78 -> 
  custom:SearchIndexIgnoredProperties: e643bd26f0fe6173181afceb89e7c659 -> 
  custom:AudioImporter_EditorPlatform: d09bf68614088b80899f8185d706f6e7 -> 
  custom:video-encoder-webm-vp8: eb34c28f22e8b96e1ab97ce403110664 -> 
  custom:audio-decoder-ogg-vorbis: bf7c407c2cedff20999df2af8eb42d56 -> 
  custom:audio-encoder-webm-vorbis: bf7c407c2cedff20999df2af8eb42d56 -> 
  custom:scripting/precompiled-assembly-types:Assembly-CSharp: 73585a7c8177aa2eabf2f689def933f5 -> c18a527c25352c9689f6d471c7466508
========================================================================
Received Import Request.
  Time since last request: 193.895219 seconds.
  path: Assets/Scripts/Enemys/Enemy.cs
  artifactKey: Guid(7ad973ee92e027741b4cd6515322f7ff) Importer(815301076,1909f56bfc062723c751e8b465ee728b)
Start importing Assets/Scripts/Enemys/Enemy.cs using Guid(7ad973ee92e027741b4cd6515322f7ff) Importer(815301076,1909f56bfc062723c751e8b465ee728b) [PhysX] Initialized MultithreadedTaskDispatcher with 12 workers.
 -> (artifact id: 'd909d7cd27c0cfaba02aa0327c98db3c') in 0.003689 seconds
Number of updated asset objects reloaded before import = 0
Number of asset objects unloaded after import = 0
========================================================================
Received Prepare
Caller must complete domain reload
Begin MonoManager ReloadAssembly
- Loaded All Assemblies, in  0.462 seconds
Native extension for WindowsStandalone target not found
Mono: successfully reloaded assembly
- Finished resetting the current domain, in  1.077 seconds
Domain Reload Profiling: 1533ms
	BeginReloadAssembly (149ms)
		ExecutionOrderSort (0ms)
		DisableScriptedObjects (6ms)
		BackupInstance (0ms)
		ReleaseScriptingObjects (0ms)
		CreateAndSetChildDomain (27ms)
	RebuildCommonClasses (32ms)
	RebuildNativeTypeToScriptingClass (11ms)
	initialDomainReloadingComplete (32ms)
	LoadAllAssembliesAndSetupDomain (232ms)
		LoadAssemblies (302ms)
		RebuildTransferFunctionScriptingTraits (0ms)
		AnalyzeDomain (14ms)
			TypeCache.Refresh (6ms)
				TypeCache.ScanAssembly (0ms)
			ScanForSourceGeneratedMonoScriptInfo (0ms)
			ResolveRequiredComponents (6ms)
	FinalizeReload (1077ms)
		ReleaseScriptCaches (0ms)
		RebuildScriptCaches (0ms)
		SetupLoadedEditorAssemblies (432ms)
			LogAssemblyErrors (0ms)
			InitializePlatformSupportModulesInManaged (7ms)
			SetLoadedEditorAssemblies (3ms)
			RefreshPlugins (0ms)
			BeforeProcessingInitializeOnLoad (78ms)
			ProcessInitializeOnLoadAttributes (306ms)
			ProcessInitializeOnLoadMethodAttributes (27ms)
			AfterProcessingInitializeOnLoad (11ms)
			EditorAssembliesLoaded (0ms)
		ExecutionOrderSort2 (0ms)
		AwakeInstancesAfterBackupRestoration (9ms)
Refreshing native plugins compatible for Editor in 7.26 ms, found 4 plugins.
Preloading 0 native plugins for Editor in 0.00 ms.
Unloading 3594 Unused Serialized files (Serialized files now loaded: 0)
Unloading 17 unused Assets / (30.3 KB). Loaded Objects now: 4203.
Memory consumption went from 148.7 MB to 148.6 MB.
Total: 4.036800 ms (FindLiveObjects: 0.310900 ms CreateObjectMapping: 0.264400 ms MarkObjects: 3.416000 ms  DeleteObjects: 0.044500 ms)

Prepare: number of updated asset objects reloaded= 0
AssetImportParameters requested are different than current active one (requested -> active):
  custom:container-demuxer-ogg: 62fdf1f143b41e24485cea50d1cbac27 -> 
  custom:video-decoder-ogg-theora: a1e56fd34408186e4bbccfd4996cb3dc -> 
  custom:framework-win-MediaFoundation: 216162199b28c13a410421893ffa2e32 -> 
  custom:CustomObjectIndexerAttribute: 9a22284fe3817be447336de3de66b15e -> 
  custom:container-demuxer-webm: 4f35f7cbe854078d1ac9338744f61a02 -> 
  custom:container-muxer-webm: aa71ff27fc2769a1b78a27578f13a17b -> 
  custom:video-decoder-webm-vp8: 9c59270c3fd7afecdb556c50c9e8de78 -> 
  custom:SearchIndexIgnoredProperties: e643bd26f0fe6173181afceb89e7c659 -> 
  custom:AudioImporter_EditorPlatform: d09bf68614088b80899f8185d706f6e7 -> 
  custom:video-encoder-webm-vp8: eb34c28f22e8b96e1ab97ce403110664 -> 
  custom:audio-decoder-ogg-vorbis: bf7c407c2cedff20999df2af8eb42d56 -> 
  custom:audio-encoder-webm-vorbis: bf7c407c2cedff20999df2af8eb42d56 -> 
  custom:scripting/precompiled-assembly-types:Assembly-CSharp: 73585a7c8177aa2eabf2f689def933f5 -> c18a527c25352c9689f6d471c7466508
========================================================================
Received Prepare
Caller must complete domain reload
Begin MonoManager ReloadAssembly
- Loaded All Assemblies, in  0.462 seconds
Native extension for WindowsStandalone target not found
Mono: successfully reloaded assembly
- Finished resetting the current domain, in  1.003 seconds
Domain Reload Profiling: 1460ms
	BeginReloadAssembly (145ms)
		ExecutionOrderSort (0ms)
		DisableScriptedObjects (5ms)
		BackupInstance (0ms)
		ReleaseScriptingObjects (0ms)
		CreateAndSetChildDomain (25ms)
	RebuildCommonClasses (32ms)
	RebuildNativeTypeToScriptingClass (11ms)
	initialDomainReloadingComplete (32ms)
	LoadAllAssembliesAndSetupDomain (236ms)
		LoadAssemblies (298ms)
		RebuildTransferFunctionScriptingTraits (0ms)
		AnalyzeDomain (22ms)
			TypeCache.Refresh (9ms)
				TypeCache.ScanAssembly (0ms)
			ScanForSourceGeneratedMonoScriptInfo (6ms)
			ResolveRequiredComponents (5ms)
	FinalizeReload (1004ms)
		ReleaseScriptCaches (0ms)
		RebuildScriptCaches (0ms)
		SetupLoadedEditorAssemblies (388ms)
			LogAssemblyErrors (0ms)
			InitializePlatformSupportModulesInManaged (6ms)
			SetLoadedEditorAssemblies (3ms)
			RefreshPlugins (0ms)
			BeforeProcessingInitializeOnLoad (72ms)
			ProcessInitializeOnLoadAttributes (273ms)
			ProcessInitializeOnLoadMethodAttributes (23ms)
			AfterProcessingInitializeOnLoad (11ms)
			EditorAssembliesLoaded (0ms)
		ExecutionOrderSort2 (0ms)
		AwakeInstancesAfterBackupRestoration (7ms)
Refreshing native plugins compatible for Editor in 6.38 ms, found 4 plugins.
Preloading 0 native plugins for Editor in 0.00 ms.
Unloading 3595 Unused Serialized files (Serialized files now loaded: 0)
Unloading 17 unused Assets / (30.1 KB). Loaded Objects now: 4207.
Memory consumption went from 148.9 MB to 148.9 MB.
Total: 3.735700 ms (FindLiveObjects: 0.293500 ms CreateObjectMapping: 0.229100 ms MarkObjects: 3.171400 ms  DeleteObjects: 0.040700 ms)

Prepare: number of updated asset objects reloaded= 0
AssetImportParameters requested are different than current active one (requested -> active):
  custom:container-demuxer-ogg: 62fdf1f143b41e24485cea50d1cbac27 -> 
  custom:video-decoder-ogg-theora: a1e56fd34408186e4bbccfd4996cb3dc -> 
  custom:framework-win-MediaFoundation: 216162199b28c13a410421893ffa2e32 -> 
  custom:CustomObjectIndexerAttribute: 9a22284fe3817be447336de3de66b15e -> 
  custom:container-demuxer-webm: 4f35f7cbe854078d1ac9338744f61a02 -> 
  custom:container-muxer-webm: aa71ff27fc2769a1b78a27578f13a17b -> 
  custom:video-decoder-webm-vp8: 9c59270c3fd7afecdb556c50c9e8de78 -> 
  custom:SearchIndexIgnoredProperties: e643bd26f0fe6173181afceb89e7c659 -> 
  custom:AudioImporter_EditorPlatform: d09bf68614088b80899f8185d706f6e7 -> 
  custom:video-encoder-webm-vp8: eb34c28f22e8b96e1ab97ce403110664 -> 
  custom:audio-decoder-ogg-vorbis: bf7c407c2cedff20999df2af8eb42d56 -> 
  custom:audio-encoder-webm-vorbis: bf7c407c2cedff20999df2af8eb42d56 -> 
  custom:scripting/precompiled-assembly-types:Assembly-CSharp: 73585a7c8177aa2eabf2f689def933f5 -> c18a527c25352c9689f6d471c7466508
========================================================================
Received Prepare
Caller must complete domain reload
Begin MonoManager ReloadAssembly
- Loaded All Assemblies, in  0.468 seconds
Native extension for WindowsStandalone target not found
Mono: successfully reloaded assembly
- Finished resetting the current domain, in  1.075 seconds
Domain Reload Profiling: 1538ms
	BeginReloadAssembly (144ms)
		ExecutionOrderSort (0ms)
		DisableScriptedObjects (5ms)
		BackupInstance (0ms)
		ReleaseScriptingObjects (0ms)
		CreateAndSetChildDomain (25ms)
	RebuildCommonClasses (32ms)
	RebuildNativeTypeToScriptingClass (14ms)
	initialDomainReloadingComplete (41ms)
	LoadAllAssembliesAndSetupDomain (232ms)
		LoadAssemblies (301ms)
		RebuildTransferFunctionScriptingTraits (0ms)
		AnalyzeDomain (13ms)
			TypeCache.Refresh (5ms)
				TypeCache.ScanAssembly (0ms)
			ScanForSourceGeneratedMonoScriptInfo (0ms)
			ResolveRequiredComponents (6ms)
	FinalizeReload (1075ms)
		ReleaseScriptCaches (0ms)
		RebuildScriptCaches (0ms)
		SetupLoadedEditorAssemblies (404ms)
			LogAssemblyErrors (0ms)
			InitializePlatformSupportModulesInManaged (7ms)
			SetLoadedEditorAssemblies (3ms)
			RefreshPlugins (0ms)
			BeforeProcessingInitializeOnLoad (75ms)
			ProcessInitializeOnLoadAttributes (282ms)
			ProcessInitializeOnLoadMethodAttributes (25ms)
			AfterProcessingInitializeOnLoad (11ms)
			EditorAssembliesLoaded (0ms)
		ExecutionOrderSort2 (0ms)
		AwakeInstancesAfterBackupRestoration (11ms)
Refreshing native plugins compatible for Editor in 7.76 ms, found 4 plugins.
Preloading 0 native plugins for Editor in 0.00 ms.
Unloading 3595 Unused Serialized files (Serialized files now loaded: 0)
Unloading 17 unused Assets / (30.1 KB). Loaded Objects now: 4211.
Memory consumption went from 148.9 MB to 148.9 MB.
Total: 3.885000 ms (FindLiveObjects: 0.274900 ms CreateObjectMapping: 0.247100 ms MarkObjects: 3.301200 ms  DeleteObjects: 0.060700 ms)

Prepare: number of updated asset objects reloaded= 0
AssetImportParameters requested are different than current active one (requested -> active):
  custom:container-demuxer-ogg: 62fdf1f143b41e24485cea50d1cbac27 -> 
  custom:video-decoder-ogg-theora: a1e56fd34408186e4bbccfd4996cb3dc -> 
  custom:framework-win-MediaFoundation: 216162199b28c13a410421893ffa2e32 -> 
  custom:CustomObjectIndexerAttribute: 9a22284fe3817be447336de3de66b15e -> 
  custom:container-demuxer-webm: 4f35f7cbe854078d1ac9338744f61a02 -> 
  custom:container-muxer-webm: aa71ff27fc2769a1b78a27578f13a17b -> 
  custom:video-decoder-webm-vp8: 9c59270c3fd7afecdb556c50c9e8de78 -> 
  custom:SearchIndexIgnoredProperties: e643bd26f0fe6173181afceb89e7c659 -> 
  custom:AudioImporter_EditorPlatform: d09bf68614088b80899f8185d706f6e7 -> 
  custom:video-encoder-webm-vp8: eb34c28f22e8b96e1ab97ce403110664 -> 
  custom:audio-decoder-ogg-vorbis: bf7c407c2cedff20999df2af8eb42d56 -> 
  custom:audio-encoder-webm-vorbis: bf7c407c2cedff20999df2af8eb42d56 -> 
  custom:scripting/precompiled-assembly-types:Assembly-CSharp: 73585a7c8177aa2eabf2f689def933f5 -> c18a527c25352c9689f6d471c7466508
========================================================================
Received Prepare
Caller must complete domain reload
Begin MonoManager ReloadAssembly
- Loaded All Assemblies, in  0.473 seconds
Native extension for WindowsStandalone target not found
Mono: successfully reloaded assembly
- Finished resetting the current domain, in  0.973 seconds
Domain Reload Profiling: 1441ms
	BeginReloadAssembly (151ms)
		ExecutionOrderSort (0ms)
		DisableScriptedObjects (5ms)
		BackupInstance (0ms)
		ReleaseScriptingObjects (0ms)
		CreateAndSetChildDomain (25ms)
	RebuildCommonClasses (33ms)
	RebuildNativeTypeToScriptingClass (11ms)
	initialDomainReloadingComplete (34ms)
	LoadAllAssembliesAndSetupDomain (240ms)
		LoadAssemblies (307ms)
		RebuildTransferFunctionScriptingTraits (0ms)
		AnalyzeDomain (23ms)
			TypeCache.Refresh (9ms)
				TypeCache.ScanAssembly (0ms)
			ScanForSourceGeneratedMonoScriptInfo (6ms)
			ResolveRequiredComponents (6ms)
	FinalizeReload (973ms)
		ReleaseScriptCaches (0ms)
		RebuildScriptCaches (0ms)
		SetupLoadedEditorAssemblies (356ms)
			LogAssemblyErrors (0ms)
			InitializePlatformSupportModulesInManaged (6ms)
			SetLoadedEditorAssemblies (3ms)
			RefreshPlugins (0ms)
			BeforeProcessingInitializeOnLoad (67ms)
			ProcessInitializeOnLoadAttributes (250ms)
			ProcessInitializeOnLoadMethodAttributes (21ms)
			AfterProcessingInitializeOnLoad (10ms)
			EditorAssembliesLoaded (0ms)
		ExecutionOrderSort2 (0ms)
		AwakeInstancesAfterBackupRestoration (6ms)
Refreshing native plugins compatible for Editor in 6.74 ms, found 4 plugins.
Preloading 0 native plugins for Editor in 0.00 ms.
Unloading 3595 Unused Serialized files (Serialized files now loaded: 0)
Unloading 17 unused Assets / (30.1 KB). Loaded Objects now: 4215.
Memory consumption went from 148.9 MB to 148.9 MB.
Total: 3.472800 ms (FindLiveObjects: 0.274200 ms CreateObjectMapping: 0.196300 ms MarkObjects: 2.965500 ms  DeleteObjects: 0.036200 ms)

Prepare: number of updated asset objects reloaded= 0
AssetImportParameters requested are different than current active one (requested -> active):
  custom:container-demuxer-ogg: 62fdf1f143b41e24485cea50d1cbac27 -> 
  custom:video-decoder-ogg-theora: a1e56fd34408186e4bbccfd4996cb3dc -> 
  custom:framework-win-MediaFoundation: 216162199b28c13a410421893ffa2e32 -> 
  custom:CustomObjectIndexerAttribute: 9a22284fe3817be447336de3de66b15e -> 
  custom:container-demuxer-webm: 4f35f7cbe854078d1ac9338744f61a02 -> 
  custom:container-muxer-webm: aa71ff27fc2769a1b78a27578f13a17b -> 
  custom:video-decoder-webm-vp8: 9c59270c3fd7afecdb556c50c9e8de78 -> 
  custom:SearchIndexIgnoredProperties: e643bd26f0fe6173181afceb89e7c659 -> 
  custom:AudioImporter_EditorPlatform: d09bf68614088b80899f8185d706f6e7 -> 
  custom:video-encoder-webm-vp8: eb34c28f22e8b96e1ab97ce403110664 -> 
  custom:audio-decoder-ogg-vorbis: bf7c407c2cedff20999df2af8eb42d56 -> 
  custom:audio-encoder-webm-vorbis: bf7c407c2cedff20999df2af8eb42d56 -> 
  custom:scripting/precompiled-assembly-types:Assembly-CSharp: 73585a7c8177aa2eabf2f689def933f5 -> c18a527c25352c9689f6d471c7466508
========================================================================
Received Prepare
Caller must complete domain reload
Begin MonoManager ReloadAssembly
- Loaded All Assemblies, in  0.464 seconds
Native extension for WindowsStandalone target not found
Mono: successfully reloaded assembly
- Finished resetting the current domain, in  1.060 seconds
Domain Reload Profiling: 1520ms
	BeginReloadAssembly (143ms)
		ExecutionOrderSort (0ms)
		DisableScriptedObjects (5ms)
		BackupInstance (0ms)
		ReleaseScriptingObjects (0ms)
		CreateAndSetChildDomain (25ms)
	RebuildCommonClasses (33ms)
	RebuildNativeTypeToScriptingClass (12ms)
	initialDomainReloadingComplete (34ms)
	LoadAllAssembliesAndSetupDomain (237ms)
		LoadAssemblies (303ms)
		RebuildTransferFunctionScriptingTraits (0ms)
		AnalyzeDomain (17ms)
			TypeCache.Refresh (7ms)
				TypeCache.ScanAssembly (0ms)
			ScanForSourceGeneratedMonoScriptInfo (0ms)
			ResolveRequiredComponents (7ms)
	FinalizeReload (1061ms)
		ReleaseScriptCaches (0ms)
		RebuildScriptCaches (0ms)
		SetupLoadedEditorAssemblies (422ms)
			LogAssemblyErrors (0ms)
			InitializePlatformSupportModulesInManaged (7ms)
			SetLoadedEditorAssemblies (3ms)
			RefreshPlugins (0ms)
			BeforeProcessingInitializeOnLoad (79ms)
			ProcessInitializeOnLoadAttributes (299ms)
			ProcessInitializeOnLoadMethodAttributes (23ms)
			AfterProcessingInitializeOnLoad (11ms)
			EditorAssembliesLoaded (0ms)
		ExecutionOrderSort2 (0ms)
		AwakeInstancesAfterBackupRestoration (9ms)
Refreshing native plugins compatible for Editor in 6.74 ms, found 4 plugins.
Preloading 0 native plugins for Editor in 0.00 ms.
Unloading 3595 Unused Serialized files (Serialized files now loaded: 0)
Unloading 17 unused Assets / (30.1 KB). Loaded Objects now: 4219.
Memory consumption went from 149.0 MB to 148.9 MB.
Total: 3.641000 ms (FindLiveObjects: 0.281800 ms CreateObjectMapping: 0.201700 ms MarkObjects: 3.116200 ms  DeleteObjects: 0.040600 ms)

Prepare: number of updated asset objects reloaded= 0
AssetImportParameters requested are different than current active one (requested -> active):
  custom:container-demuxer-ogg: 62fdf1f143b41e24485cea50d1cbac27 -> 
  custom:video-decoder-ogg-theora: a1e56fd34408186e4bbccfd4996cb3dc -> 
  custom:framework-win-MediaFoundation: 216162199b28c13a410421893ffa2e32 -> 
  custom:CustomObjectIndexerAttribute: 9a22284fe3817be447336de3de66b15e -> 
  custom:container-demuxer-webm: 4f35f7cbe854078d1ac9338744f61a02 -> 
  custom:container-muxer-webm: aa71ff27fc2769a1b78a27578f13a17b -> 
  custom:video-decoder-webm-vp8: 9c59270c3fd7afecdb556c50c9e8de78 -> 
  custom:SearchIndexIgnoredProperties: e643bd26f0fe6173181afceb89e7c659 -> 
  custom:AudioImporter_EditorPlatform: d09bf68614088b80899f8185d706f6e7 -> 
  custom:video-encoder-webm-vp8: eb34c28f22e8b96e1ab97ce403110664 -> 
  custom:audio-decoder-ogg-vorbis: bf7c407c2cedff20999df2af8eb42d56 -> 
  custom:audio-encoder-webm-vorbis: bf7c407c2cedff20999df2af8eb42d56 -> 
  custom:scripting/precompiled-assembly-types:Assembly-CSharp: 73585a7c8177aa2eabf2f689def933f5 -> c18a527c25352c9689f6d471c7466508
========================================================================
Received Prepare
Caller must complete domain reload
Begin MonoManager ReloadAssembly
- Loaded All Assemblies, in  0.475 seconds
Native extension for WindowsStandalone target not found
Mono: successfully reloaded assembly
- Finished resetting the current domain, in  0.988 seconds
Domain Reload Profiling: 1458ms
	BeginReloadAssembly (151ms)
		ExecutionOrderSort (0ms)
		DisableScriptedObjects (5ms)
		BackupInstance (0ms)
		ReleaseScriptingObjects (0ms)
		CreateAndSetChildDomain (26ms)
	RebuildCommonClasses (33ms)
	RebuildNativeTypeToScriptingClass (11ms)
	initialDomainReloadingComplete (32ms)
	LoadAllAssembliesAndSetupDomain (243ms)
		LoadAssemblies (308ms)
		RebuildTransferFunctionScriptingTraits (0ms)
		AnalyzeDomain (23ms)
			TypeCache.Refresh (9ms)
				TypeCache.ScanAssembly (0ms)
			ScanForSourceGeneratedMonoScriptInfo (6ms)
			ResolveRequiredComponents (5ms)
	FinalizeReload (988ms)
		ReleaseScriptCaches (0ms)
		RebuildScriptCaches (0ms)
		SetupLoadedEditorAssemblies (354ms)
			LogAssemblyErrors (0ms)
			InitializePlatformSupportModulesInManaged (6ms)
			SetLoadedEditorAssemblies (3ms)
			RefreshPlugins (0ms)
			BeforeProcessingInitializeOnLoad (66ms)
			ProcessInitializeOnLoadAttributes (247ms)
			ProcessInitializeOnLoadMethodAttributes (21ms)
			AfterProcessingInitializeOnLoad (11ms)
			EditorAssembliesLoaded (0ms)
		ExecutionOrderSort2 (0ms)
		AwakeInstancesAfterBackupRestoration (6ms)
Refreshing native plugins compatible for Editor in 6.83 ms, found 4 plugins.
Preloading 0 native plugins for Editor in 0.00 ms.
Unloading 3595 Unused Serialized files (Serialized files now loaded: 0)
Unloading 17 unused Assets / (30.2 KB). Loaded Objects now: 4223.
Memory consumption went from 149.0 MB to 148.9 MB.
Total: 3.612400 ms (FindLiveObjects: 0.269600 ms CreateObjectMapping: 0.194400 ms MarkObjects: 3.110200 ms  DeleteObjects: 0.037400 ms)

Prepare: number of updated asset objects reloaded= 0
AssetImportParameters requested are different than current active one (requested -> active):
  custom:container-demuxer-ogg: 62fdf1f143b41e24485cea50d1cbac27 -> 
  custom:video-decoder-ogg-theora: a1e56fd34408186e4bbccfd4996cb3dc -> 
  custom:framework-win-MediaFoundation: 216162199b28c13a410421893ffa2e32 -> 
  custom:CustomObjectIndexerAttribute: 9a22284fe3817be447336de3de66b15e -> 
  custom:container-demuxer-webm: 4f35f7cbe854078d1ac9338744f61a02 -> 
  custom:container-muxer-webm: aa71ff27fc2769a1b78a27578f13a17b -> 
  custom:video-decoder-webm-vp8: 9c59270c3fd7afecdb556c50c9e8de78 -> 
  custom:SearchIndexIgnoredProperties: e643bd26f0fe6173181afceb89e7c659 -> 
  custom:AudioImporter_EditorPlatform: d09bf68614088b80899f8185d706f6e7 -> 
  custom:video-encoder-webm-vp8: eb34c28f22e8b96e1ab97ce403110664 -> 
  custom:audio-decoder-ogg-vorbis: bf7c407c2cedff20999df2af8eb42d56 -> 
  custom:audio-encoder-webm-vorbis: bf7c407c2cedff20999df2af8eb42d56 -> 
  custom:scripting/precompiled-assembly-types:Assembly-CSharp: 73585a7c8177aa2eabf2f689def933f5 -> c18a527c25352c9689f6d471c7466508
========================================================================
Received Prepare
Caller must complete domain reload
Begin MonoManager ReloadAssembly
- Loaded All Assemblies, in  0.458 seconds
Native extension for WindowsStandalone target not found
Mono: successfully reloaded assembly
- Finished resetting the current domain, in  1.122 seconds
Domain Reload Profiling: 1575ms
	BeginReloadAssembly (144ms)
		ExecutionOrderSort (0ms)
		DisableScriptedObjects (5ms)
		BackupInstance (0ms)
		ReleaseScriptingObjects (0ms)
		CreateAndSetChildDomain (26ms)
	RebuildCommonClasses (32ms)
	RebuildNativeTypeToScriptingClass (11ms)
	initialDomainReloadingComplete (33ms)
	LoadAllAssembliesAndSetupDomain (233ms)
		LoadAssemblies (301ms)
		RebuildTransferFunctionScriptingTraits (0ms)
		AnalyzeDomain (15ms)
			TypeCache.Refresh (6ms)
				TypeCache.ScanAssembly (0ms)
			ScanForSourceGeneratedMonoScriptInfo (0ms)
			ResolveRequiredComponents (6ms)
	FinalizeReload (1122ms)
		ReleaseScriptCaches (0ms)
		RebuildScriptCaches (0ms)
		SetupLoadedEditorAssemblies (445ms)
			LogAssemblyErrors (0ms)
			InitializePlatformSupportModulesInManaged (9ms)
			SetLoadedEditorAssemblies (4ms)
			RefreshPlugins (0ms)
			BeforeProcessingInitializeOnLoad (81ms)
			ProcessInitializeOnLoadAttributes (310ms)
			ProcessInitializeOnLoadMethodAttributes (29ms)
			AfterProcessingInitializeOnLoad (11ms)
			EditorAssembliesLoaded (0ms)
		ExecutionOrderSort2 (0ms)
		AwakeInstancesAfterBackupRestoration (9ms)
Refreshing native plugins compatible for Editor in 8.78 ms, found 4 plugins.
Preloading 0 native plugins for Editor in 0.00 ms.
Unloading 3595 Unused Serialized files (Serialized files now loaded: 0)
Unloading 17 unused Assets / (30.2 KB). Loaded Objects now: 4227.
Memory consumption went from 149.0 MB to 148.9 MB.
Total: 3.235200 ms (FindLiveObjects: 0.285600 ms CreateObjectMapping: 0.219700 ms MarkObjects: 2.687700 ms  DeleteObjects: 0.041100 ms)

Prepare: number of updated asset objects reloaded= 0
AssetImportParameters requested are different than current active one (requested -> active):
  custom:container-demuxer-ogg: 62fdf1f143b41e24485cea50d1cbac27 -> 
  custom:video-decoder-ogg-theora: a1e56fd34408186e4bbccfd4996cb3dc -> 
  custom:framework-win-MediaFoundation: 216162199b28c13a410421893ffa2e32 -> 
  custom:CustomObjectIndexerAttribute: 9a22284fe3817be447336de3de66b15e -> 
  custom:container-demuxer-webm: 4f35f7cbe854078d1ac9338744f61a02 -> 
  custom:container-muxer-webm: aa71ff27fc2769a1b78a27578f13a17b -> 
  custom:video-decoder-webm-vp8: 9c59270c3fd7afecdb556c50c9e8de78 -> 
  custom:SearchIndexIgnoredProperties: e643bd26f0fe6173181afceb89e7c659 -> 
  custom:AudioImporter_EditorPlatform: d09bf68614088b80899f8185d706f6e7 -> 
  custom:video-encoder-webm-vp8: eb34c28f22e8b96e1ab97ce403110664 -> 
  custom:audio-decoder-ogg-vorbis: bf7c407c2cedff20999df2af8eb42d56 -> 
  custom:audio-encoder-webm-vorbis: bf7c407c2cedff20999df2af8eb42d56 -> 
  custom:scripting/precompiled-assembly-types:Assembly-CSharp: 73585a7c8177aa2eabf2f689def933f5 -> c18a527c25352c9689f6d471c7466508
========================================================================
Received Prepare
Caller must complete domain reload
Begin MonoManager ReloadAssembly
- Loaded All Assemblies, in  0.490 seconds
Native extension for WindowsStandalone target not found
Mono: successfully reloaded assembly
- Finished resetting the current domain, in  1.020 seconds
Domain Reload Profiling: 1505ms
	BeginReloadAssembly (153ms)
		ExecutionOrderSort (0ms)
		DisableScriptedObjects (5ms)
		BackupInstance (0ms)
		ReleaseScriptingObjects (0ms)
		CreateAndSetChildDomain (26ms)
	RebuildCommonClasses (37ms)
	RebuildNativeTypeToScriptingClass (12ms)
	initialDomainReloadingComplete (33ms)
	LoadAllAssembliesAndSetupDomain (251ms)
		LoadAssemblies (317ms)
		RebuildTransferFunctionScriptingTraits (0ms)
		AnalyzeDomain (26ms)
			TypeCache.Refresh (11ms)
				TypeCache.ScanAssembly (1ms)
			ScanForSourceGeneratedMonoScriptInfo (7ms)
			ResolveRequiredComponents (6ms)
	FinalizeReload (1020ms)
		ReleaseScriptCaches (0ms)
		RebuildScriptCaches (0ms)
		SetupLoadedEditorAssemblies (353ms)
			LogAssemblyErrors (0ms)
			InitializePlatformSupportModulesInManaged (6ms)
			SetLoadedEditorAssemblies (3ms)
			RefreshPlugins (0ms)
			BeforeProcessingInitializeOnLoad (64ms)
			ProcessInitializeOnLoadAttributes (248ms)
			ProcessInitializeOnLoadMethodAttributes (21ms)
			AfterProcessingInitializeOnLoad (10ms)
			EditorAssembliesLoaded (0ms)
		ExecutionOrderSort2 (0ms)
		AwakeInstancesAfterBackupRestoration (6ms)
Refreshing native plugins compatible for Editor in 6.72 ms, found 4 plugins.
Preloading 0 native plugins for Editor in 0.00 ms.
Unloading 3595 Unused Serialized files (Serialized files now loaded: 0)
Unloading 17 unused Assets / (30.1 KB). Loaded Objects now: 4231.
Memory consumption went from 149.0 MB to 148.9 MB.
Total: 3.630200 ms (FindLiveObjects: 0.256600 ms CreateObjectMapping: 0.182000 ms MarkObjects: 3.116700 ms  DeleteObjects: 0.074000 ms)

Prepare: number of updated asset objects reloaded= 0
AssetImportParameters requested are different than current active one (requested -> active):
  custom:container-demuxer-ogg: 62fdf1f143b41e24485cea50d1cbac27 -> 
  custom:video-decoder-ogg-theora: a1e56fd34408186e4bbccfd4996cb3dc -> 
  custom:framework-win-MediaFoundation: 216162199b28c13a410421893ffa2e32 -> 
  custom:CustomObjectIndexerAttribute: 9a22284fe3817be447336de3de66b15e -> 
  custom:container-demuxer-webm: 4f35f7cbe854078d1ac9338744f61a02 -> 
  custom:container-muxer-webm: aa71ff27fc2769a1b78a27578f13a17b -> 
  custom:video-decoder-webm-vp8: 9c59270c3fd7afecdb556c50c9e8de78 -> 
  custom:SearchIndexIgnoredProperties: e643bd26f0fe6173181afceb89e7c659 -> 
  custom:AudioImporter_EditorPlatform: d09bf68614088b80899f8185d706f6e7 -> 
  custom:video-encoder-webm-vp8: eb34c28f22e8b96e1ab97ce403110664 -> 
  custom:audio-decoder-ogg-vorbis: bf7c407c2cedff20999df2af8eb42d56 -> 
  custom:audio-encoder-webm-vorbis: bf7c407c2cedff20999df2af8eb42d56 -> 
  custom:scripting/precompiled-assembly-types:Assembly-CSharp: 73585a7c8177aa2eabf2f689def933f5 -> c18a527c25352c9689f6d471c7466508
========================================================================
Received Prepare
Caller must complete domain reload
Begin MonoManager ReloadAssembly
- Loaded All Assemblies, in  0.461 seconds
Native extension for WindowsStandalone target not found
Mono: successfully reloaded assembly
- Finished resetting the current domain, in  1.094 seconds
Domain Reload Profiling: 1550ms
	BeginReloadAssembly (148ms)
		ExecutionOrderSort (0ms)
		DisableScriptedObjects (5ms)
		BackupInstance (0ms)
		ReleaseScriptingObjects (0ms)
		CreateAndSetChildDomain (26ms)
	RebuildCommonClasses (32ms)
	RebuildNativeTypeToScriptingClass (11ms)
	initialDomainReloadingComplete (33ms)
	LoadAllAssembliesAndSetupDomain (233ms)
		LoadAssemblies (301ms)
		RebuildTransferFunctionScriptingTraits (0ms)
		AnalyzeDomain (15ms)
			TypeCache.Refresh (7ms)
				TypeCache.ScanAssembly (0ms)
			ScanForSourceGeneratedMonoScriptInfo (0ms)
			ResolveRequiredComponents (6ms)
	FinalizeReload (1094ms)
		ReleaseScriptCaches (0ms)
		RebuildScriptCaches (0ms)
		SetupLoadedEditorAssemblies (424ms)
			LogAssemblyErrors (0ms)
			InitializePlatformSupportModulesInManaged (7ms)
			SetLoadedEditorAssemblies (3ms)
			RefreshPlugins (0ms)
			BeforeProcessingInitializeOnLoad (76ms)
			ProcessInitializeOnLoadAttributes (304ms)
			ProcessInitializeOnLoadMethodAttributes (23ms)
			AfterProcessingInitializeOnLoad (12ms)
			EditorAssembliesLoaded (0ms)
		ExecutionOrderSort2 (0ms)
		AwakeInstancesAfterBackupRestoration (9ms)
Refreshing native plugins compatible for Editor in 6.82 ms, found 4 plugins.
Preloading 0 native plugins for Editor in 0.00 ms.
Unloading 3595 Unused Serialized files (Serialized files now loaded: 0)
Unloading 17 unused Assets / (30.2 KB). Loaded Objects now: 4235.
Memory consumption went from 149.0 MB to 149.0 MB.
Total: 3.718600 ms (FindLiveObjects: 0.298200 ms CreateObjectMapping: 0.272000 ms MarkObjects: 3.093900 ms  DeleteObjects: 0.053600 ms)

Prepare: number of updated asset objects reloaded= 0
AssetImportParameters requested are different than current active one (requested -> active):
  custom:container-demuxer-ogg: 62fdf1f143b41e24485cea50d1cbac27 -> 
  custom:video-decoder-ogg-theora: a1e56fd34408186e4bbccfd4996cb3dc -> 
  custom:framework-win-MediaFoundation: 216162199b28c13a410421893ffa2e32 -> 
  custom:CustomObjectIndexerAttribute: 9a22284fe3817be447336de3de66b15e -> 
  custom:container-demuxer-webm: 4f35f7cbe854078d1ac9338744f61a02 -> 
  custom:container-muxer-webm: aa71ff27fc2769a1b78a27578f13a17b -> 
  custom:video-decoder-webm-vp8: 9c59270c3fd7afecdb556c50c9e8de78 -> 
  custom:SearchIndexIgnoredProperties: e643bd26f0fe6173181afceb89e7c659 -> 
  custom:AudioImporter_EditorPlatform: d09bf68614088b80899f8185d706f6e7 -> 
  custom:video-encoder-webm-vp8: eb34c28f22e8b96e1ab97ce403110664 -> 
  custom:audio-decoder-ogg-vorbis: bf7c407c2cedff20999df2af8eb42d56 -> 
  custom:audio-encoder-webm-vorbis: bf7c407c2cedff20999df2af8eb42d56 -> 
  custom:scripting/precompiled-assembly-types:Assembly-CSharp: 73585a7c8177aa2eabf2f689def933f5 -> c18a527c25352c9689f6d471c7466508
========================================================================
Received Prepare
Caller must complete domain reload
Begin MonoManager ReloadAssembly
- Loaded All Assemblies, in  0.477 seconds
Native extension for WindowsStandalone target not found
Mono: successfully reloaded assembly
- Finished resetting the current domain, in  0.971 seconds
Domain Reload Profiling: 1443ms
	BeginReloadAssembly (152ms)
		ExecutionOrderSort (0ms)
		DisableScriptedObjects (5ms)
		BackupInstance (0ms)
		ReleaseScriptingObjects (0ms)
		CreateAndSetChildDomain (31ms)
	RebuildCommonClasses (32ms)
	RebuildNativeTypeToScriptingClass (11ms)
	initialDomainReloadingComplete (33ms)
	LoadAllAssembliesAndSetupDomain (244ms)
		LoadAssemblies (308ms)
		RebuildTransferFunctionScriptingTraits (0ms)
		AnalyzeDomain (21ms)
			TypeCache.Refresh (8ms)
				TypeCache.ScanAssembly (0ms)
			ScanForSourceGeneratedMonoScriptInfo (6ms)
			ResolveRequiredComponents (5ms)
	FinalizeReload (971ms)
		ReleaseScriptCaches (0ms)
		RebuildScriptCaches (0ms)
		SetupLoadedEditorAssemblies (352ms)
			LogAssemblyErrors (0ms)
			InitializePlatformSupportModulesInManaged (6ms)
			SetLoadedEditorAssemblies (3ms)
			RefreshPlugins (0ms)
			BeforeProcessingInitializeOnLoad (65ms)
			ProcessInitializeOnLoadAttributes (247ms)
			ProcessInitializeOnLoadMethodAttributes (20ms)
			AfterProcessingInitializeOnLoad (10ms)
			EditorAssembliesLoaded (0ms)
		ExecutionOrderSort2 (0ms)
		AwakeInstancesAfterBackupRestoration (6ms)
Refreshing native plugins compatible for Editor in 6.44 ms, found 4 plugins.
Preloading 0 native plugins for Editor in 0.00 ms.
Unloading 3595 Unused Serialized files (Serialized files now loaded: 0)
Unloading 17 unused Assets / (30.2 KB). Loaded Objects now: 4239.
Memory consumption went from 149.0 MB to 149.0 MB.
Total: 3.578700 ms (FindLiveObjects: 0.263800 ms CreateObjectMapping: 0.167800 ms MarkObjects: 3.110100 ms  DeleteObjects: 0.036100 ms)

Prepare: number of updated asset objects reloaded= 0
AssetImportParameters requested are different than current active one (requested -> active):
  custom:container-demuxer-ogg: 62fdf1f143b41e24485cea50d1cbac27 -> 
  custom:video-decoder-ogg-theora: a1e56fd34408186e4bbccfd4996cb3dc -> 
  custom:framework-win-MediaFoundation: 216162199b28c13a410421893ffa2e32 -> 
  custom:CustomObjectIndexerAttribute: 9a22284fe3817be447336de3de66b15e -> 
  custom:container-demuxer-webm: 4f35f7cbe854078d1ac9338744f61a02 -> 
  custom:container-muxer-webm: aa71ff27fc2769a1b78a27578f13a17b -> 
  custom:video-decoder-webm-vp8: 9c59270c3fd7afecdb556c50c9e8de78 -> 
  custom:SearchIndexIgnoredProperties: e643bd26f0fe6173181afceb89e7c659 -> 
  custom:AudioImporter_EditorPlatform: d09bf68614088b80899f8185d706f6e7 -> 
  custom:video-encoder-webm-vp8: eb34c28f22e8b96e1ab97ce403110664 -> 
  custom:audio-decoder-ogg-vorbis: bf7c407c2cedff20999df2af8eb42d56 -> 
  custom:audio-encoder-webm-vorbis: bf7c407c2cedff20999df2af8eb42d56 -> 
  custom:scripting/precompiled-assembly-types:Assembly-CSharp: da523974683c16ba42006aaf0d0464ec -> c18a527c25352c9689f6d471c7466508
========================================================================
Received Prepare
Caller must complete domain reload
Begin MonoManager ReloadAssembly
- Loaded All Assemblies, in  0.467 seconds
Native extension for WindowsStandalone target not found
Mono: successfully reloaded assembly
- Finished resetting the current domain, in  1.094 seconds
Domain Reload Profiling: 1557ms
	BeginReloadAssembly (146ms)
		ExecutionOrderSort (0ms)
		DisableScriptedObjects (5ms)
		BackupInstance (0ms)
		ReleaseScriptingObjects (0ms)
		CreateAndSetChildDomain (26ms)
	RebuildCommonClasses (32ms)
	RebuildNativeTypeToScriptingClass (11ms)
	initialDomainReloadingComplete (32ms)
	LoadAllAssembliesAndSetupDomain (242ms)
		LoadAssemblies (311ms)
		RebuildTransferFunctionScriptingTraits (0ms)
		AnalyzeDomain (15ms)
			TypeCache.Refresh (6ms)
				TypeCache.ScanAssembly (0ms)
			ScanForSourceGeneratedMonoScriptInfo (0ms)
			ResolveRequiredComponents (6ms)
	FinalizeReload (1095ms)
		ReleaseScriptCaches (0ms)
		RebuildScriptCaches (0ms)
		SetupLoadedEditorAssemblies (420ms)
			LogAssemblyErrors (0ms)
			InitializePlatformSupportModulesInManaged (8ms)
			SetLoadedEditorAssemblies (4ms)
			RefreshPlugins (0ms)
			BeforeProcessingInitializeOnLoad (75ms)
			ProcessInitializeOnLoadAttributes (291ms)
			ProcessInitializeOnLoadMethodAttributes (28ms)
			AfterProcessingInitializeOnLoad (13ms)
			EditorAssembliesLoaded (0ms)
		ExecutionOrderSort2 (0ms)
		AwakeInstancesAfterBackupRestoration (10ms)
Refreshing native plugins compatible for Editor in 7.50 ms, found 4 plugins.
Preloading 0 native plugins for Editor in 0.00 ms.
Unloading 3595 Unused Serialized files (Serialized files now loaded: 0)
Unloading 17 unused Assets / (30.2 KB). Loaded Objects now: 4243.
Memory consumption went from 149.0 MB to 149.0 MB.
Total: 3.737100 ms (FindLiveObjects: 0.305900 ms CreateObjectMapping: 0.286700 ms MarkObjects: 3.098100 ms  DeleteObjects: 0.045500 ms)

Prepare: number of updated asset objects reloaded= 0
AssetImportParameters requested are different than current active one (requested -> active):
  custom:container-demuxer-ogg: 62fdf1f143b41e24485cea50d1cbac27 -> 
  custom:video-decoder-ogg-theora: a1e56fd34408186e4bbccfd4996cb3dc -> 
  custom:framework-win-MediaFoundation: 216162199b28c13a410421893ffa2e32 -> 
  custom:CustomObjectIndexerAttribute: 9a22284fe3817be447336de3de66b15e -> 
  custom:container-demuxer-webm: 4f35f7cbe854078d1ac9338744f61a02 -> 
  custom:container-muxer-webm: aa71ff27fc2769a1b78a27578f13a17b -> 
  custom:video-decoder-webm-vp8: 9c59270c3fd7afecdb556c50c9e8de78 -> 
  custom:SearchIndexIgnoredProperties: e643bd26f0fe6173181afceb89e7c659 -> 
  custom:AudioImporter_EditorPlatform: d09bf68614088b80899f8185d706f6e7 -> 
  custom:video-encoder-webm-vp8: eb34c28f22e8b96e1ab97ce403110664 -> 
  custom:audio-decoder-ogg-vorbis: bf7c407c2cedff20999df2af8eb42d56 -> 
  custom:audio-encoder-webm-vorbis: bf7c407c2cedff20999df2af8eb42d56 -> 
  custom:scripting/precompiled-assembly-types:Assembly-CSharp: da523974683c16ba42006aaf0d0464ec -> c18a527c25352c9689f6d471c7466508
========================================================================
Received Prepare
Caller must complete domain reload
Begin MonoManager ReloadAssembly
- Loaded All Assemblies, in  0.470 seconds
Native extension for WindowsStandalone target not found
Mono: successfully reloaded assembly
- Finished resetting the current domain, in  0.989 seconds
Domain Reload Profiling: 1454ms
	BeginReloadAssembly (148ms)
		ExecutionOrderSort (0ms)
		DisableScriptedObjects (5ms)
		BackupInstance (0ms)
		ReleaseScriptingObjects (0ms)
		CreateAndSetChildDomain (27ms)
	RebuildCommonClasses (31ms)
	RebuildNativeTypeToScriptingClass (11ms)
	initialDomainReloadingComplete (32ms)
	LoadAllAssembliesAndSetupDomain (241ms)
		LoadAssemblies (303ms)
		RebuildTransferFunctionScriptingTraits (0ms)
		AnalyzeDomain (24ms)
			TypeCache.Refresh (9ms)
				TypeCache.ScanAssembly (1ms)
			ScanForSourceGeneratedMonoScriptInfo (7ms)
			ResolveRequiredComponents (6ms)
	FinalizeReload (990ms)
		ReleaseScriptCaches (0ms)
		RebuildScriptCaches (0ms)
		SetupLoadedEditorAssemblies (362ms)
			LogAssemblyErrors (0ms)
			InitializePlatformSupportModulesInManaged (6ms)
			SetLoadedEditorAssemblies (3ms)
			RefreshPlugins (0ms)
			BeforeProcessingInitializeOnLoad (64ms)
			ProcessInitializeOnLoadAttributes (258ms)
			ProcessInitializeOnLoadMethodAttributes (21ms)
			AfterProcessingInitializeOnLoad (10ms)
			EditorAssembliesLoaded (0ms)
		ExecutionOrderSort2 (0ms)
		AwakeInstancesAfterBackupRestoration (6ms)
Refreshing native plugins compatible for Editor in 6.63 ms, found 4 plugins.
Preloading 0 native plugins for Editor in 0.00 ms.
Unloading 3595 Unused Serialized files (Serialized files now loaded: 0)
Unloading 17 unused Assets / (30.1 KB). Loaded Objects now: 4247.
Memory consumption went from 149.0 MB to 149.0 MB.
Total: 3.650600 ms (FindLiveObjects: 0.293300 ms CreateObjectMapping: 0.222500 ms MarkObjects: 3.098700 ms  DeleteObjects: 0.035300 ms)

Prepare: number of updated asset objects reloaded= 0
AssetImportParameters requested are different than current active one (requested -> active):
  custom:container-demuxer-ogg: 62fdf1f143b41e24485cea50d1cbac27 -> 
  custom:video-decoder-ogg-theora: a1e56fd34408186e4bbccfd4996cb3dc -> 
  custom:framework-win-MediaFoundation: 216162199b28c13a410421893ffa2e32 -> 
  custom:CustomObjectIndexerAttribute: 9a22284fe3817be447336de3de66b15e -> 
  custom:container-demuxer-webm: 4f35f7cbe854078d1ac9338744f61a02 -> 
  custom:container-muxer-webm: aa71ff27fc2769a1b78a27578f13a17b -> 
  custom:video-decoder-webm-vp8: 9c59270c3fd7afecdb556c50c9e8de78 -> 
  custom:SearchIndexIgnoredProperties: e643bd26f0fe6173181afceb89e7c659 -> 
  custom:AudioImporter_EditorPlatform: d09bf68614088b80899f8185d706f6e7 -> 
  custom:video-encoder-webm-vp8: eb34c28f22e8b96e1ab97ce403110664 -> 
  custom:audio-decoder-ogg-vorbis: bf7c407c2cedff20999df2af8eb42d56 -> 
  custom:audio-encoder-webm-vorbis: bf7c407c2cedff20999df2af8eb42d56 -> 
  custom:scripting/precompiled-assembly-types:Assembly-CSharp: 3fdb247c1bf441fbdf933be7b0423cc7 -> c18a527c25352c9689f6d471c7466508
========================================================================
Received Prepare
Caller must complete domain reload
Begin MonoManager ReloadAssembly
- Loaded All Assemblies, in  0.467 seconds
Native extension for WindowsStandalone target not found
Mono: successfully reloaded assembly
- Finished resetting the current domain, in  1.076 seconds
Domain Reload Profiling: 1538ms
	BeginReloadAssembly (147ms)
		ExecutionOrderSort (0ms)
		DisableScriptedObjects (5ms)
		BackupInstance (0ms)
		ReleaseScriptingObjects (0ms)
		CreateAndSetChildDomain (27ms)
	RebuildCommonClasses (38ms)
	RebuildNativeTypeToScriptingClass (10ms)
	initialDomainReloadingComplete (32ms)
	LoadAllAssembliesAndSetupDomain (235ms)
		LoadAssemblies (306ms)
		RebuildTransferFunctionScriptingTraits (0ms)
		AnalyzeDomain (13ms)
			TypeCache.Refresh (6ms)
				TypeCache.ScanAssembly (0ms)
			ScanForSourceGeneratedMonoScriptInfo (0ms)
			ResolveRequiredComponents (5ms)
	FinalizeReload (1076ms)
		ReleaseScriptCaches (0ms)
		RebuildScriptCaches (0ms)
		SetupLoadedEditorAssemblies (421ms)
			LogAssemblyErrors (0ms)
			InitializePlatformSupportModulesInManaged (7ms)
			SetLoadedEditorAssemblies (3ms)
			RefreshPlugins (0ms)
			BeforeProcessingInitializeOnLoad (81ms)
			ProcessInitializeOnLoadAttributes (294ms)
			ProcessInitializeOnLoadMethodAttributes (24ms)
			AfterProcessingInitializeOnLoad (12ms)
			EditorAssembliesLoaded (0ms)
		ExecutionOrderSort2 (0ms)
		AwakeInstancesAfterBackupRestoration (10ms)
Refreshing native plugins compatible for Editor in 6.61 ms, found 4 plugins.
Preloading 0 native plugins for Editor in 0.00 ms.
Unloading 3595 Unused Serialized files (Serialized files now loaded: 0)
Unloading 17 unused Assets / (30.2 KB). Loaded Objects now: 4251.
Memory consumption went from 149.0 MB to 149.0 MB.
Total: 3.786700 ms (FindLiveObjects: 0.272100 ms CreateObjectMapping: 0.204600 ms MarkObjects: 3.267200 ms  DeleteObjects: 0.041900 ms)

Prepare: number of updated asset objects reloaded= 0
AssetImportParameters requested are different than current active one (requested -> active):
  custom:container-demuxer-ogg: 62fdf1f143b41e24485cea50d1cbac27 -> 
  custom:video-decoder-ogg-theora: a1e56fd34408186e4bbccfd4996cb3dc -> 
  custom:framework-win-MediaFoundation: 216162199b28c13a410421893ffa2e32 -> 
  custom:CustomObjectIndexerAttribute: 9a22284fe3817be447336de3de66b15e -> 
  custom:container-demuxer-webm: 4f35f7cbe854078d1ac9338744f61a02 -> 
  custom:container-muxer-webm: aa71ff27fc2769a1b78a27578f13a17b -> 
  custom:video-decoder-webm-vp8: 9c59270c3fd7afecdb556c50c9e8de78 -> 
  custom:SearchIndexIgnoredProperties: e643bd26f0fe6173181afceb89e7c659 -> 
  custom:AudioImporter_EditorPlatform: d09bf68614088b80899f8185d706f6e7 -> 
  custom:video-encoder-webm-vp8: eb34c28f22e8b96e1ab97ce403110664 -> 
  custom:audio-decoder-ogg-vorbis: bf7c407c2cedff20999df2af8eb42d56 -> 
  custom:audio-encoder-webm-vorbis: bf7c407c2cedff20999df2af8eb42d56 -> 
  custom:scripting/precompiled-assembly-types:Assembly-CSharp: 3fdb247c1bf441fbdf933be7b0423cc7 -> c18a527c25352c9689f6d471c7466508
========================================================================
Received Prepare
Caller must complete domain reload
Begin MonoManager ReloadAssembly
- Loaded All Assemblies, in  0.481 seconds
Native extension for WindowsStandalone target not found
Mono: successfully reloaded assembly
- Finished resetting the current domain, in  0.979 seconds
Domain Reload Profiling: 1455ms
	BeginReloadAssembly (148ms)
		ExecutionOrderSort (0ms)
		DisableScriptedObjects (5ms)
		BackupInstance (0ms)
		ReleaseScriptingObjects (0ms)
		CreateAndSetChildDomain (26ms)
	RebuildCommonClasses (34ms)
	RebuildNativeTypeToScriptingClass (11ms)
	initialDomainReloadingComplete (34ms)
	LoadAllAssembliesAndSetupDomain (248ms)
		LoadAssemblies (313ms)
		RebuildTransferFunctionScriptingTraits (0ms)
		AnalyzeDomain (21ms)
			TypeCache.Refresh (8ms)
				TypeCache.ScanAssembly (0ms)
			ScanForSourceGeneratedMonoScriptInfo (6ms)
			ResolveRequiredComponents (5ms)
	FinalizeReload (980ms)
		ReleaseScriptCaches (0ms)
		RebuildScriptCaches (0ms)
		SetupLoadedEditorAssemblies (370ms)
			LogAssemblyErrors (0ms)
			InitializePlatformSupportModulesInManaged (7ms)
			SetLoadedEditorAssemblies (3ms)
			RefreshPlugins (0ms)
			BeforeProcessingInitializeOnLoad (67ms)
			ProcessInitializeOnLoadAttributes (260ms)
			ProcessInitializeOnLoadMethodAttributes (23ms)
			AfterProcessingInitializeOnLoad (10ms)
			EditorAssembliesLoaded (0ms)
		ExecutionOrderSort2 (0ms)
		AwakeInstancesAfterBackupRestoration (7ms)
Refreshing native plugins compatible for Editor in 6.92 ms, found 4 plugins.
Preloading 0 native plugins for Editor in 0.00 ms.
Unloading 3595 Unused Serialized files (Serialized files now loaded: 0)
Unloading 17 unused Assets / (30.1 KB). Loaded Objects now: 4255.
Memory consumption went from 149.0 MB to 149.0 MB.
Total: 4.136500 ms (FindLiveObjects: 0.282500 ms CreateObjectMapping: 0.261400 ms MarkObjects: 3.546000 ms  DeleteObjects: 0.045800 ms)

Prepare: number of updated asset objects reloaded= 0
AssetImportParameters requested are different than current active one (requested -> active):
  custom:container-demuxer-ogg: 62fdf1f143b41e24485cea50d1cbac27 -> 
  custom:video-decoder-ogg-theora: a1e56fd34408186e4bbccfd4996cb3dc -> 
  custom:framework-win-MediaFoundation: 216162199b28c13a410421893ffa2e32 -> 
  custom:CustomObjectIndexerAttribute: 9a22284fe3817be447336de3de66b15e -> 
  custom:container-demuxer-webm: 4f35f7cbe854078d1ac9338744f61a02 -> 
  custom:container-muxer-webm: aa71ff27fc2769a1b78a27578f13a17b -> 
  custom:video-decoder-webm-vp8: 9c59270c3fd7afecdb556c50c9e8de78 -> 
  custom:SearchIndexIgnoredProperties: e643bd26f0fe6173181afceb89e7c659 -> 
  custom:AudioImporter_EditorPlatform: d09bf68614088b80899f8185d706f6e7 -> 
  custom:video-encoder-webm-vp8: eb34c28f22e8b96e1ab97ce403110664 -> 
  custom:audio-decoder-ogg-vorbis: bf7c407c2cedff20999df2af8eb42d56 -> 
  custom:audio-encoder-webm-vorbis: bf7c407c2cedff20999df2af8eb42d56 -> 
  custom:scripting/precompiled-assembly-types:Assembly-CSharp: c68520965e34b97021d5152f19c8f5c4 -> c18a527c25352c9689f6d471c7466508
========================================================================
Received Prepare
Caller must complete domain reload
Begin MonoManager ReloadAssembly
- Loaded All Assemblies, in  0.453 seconds
Native extension for WindowsStandalone target not found
Mono: successfully reloaded assembly
- Finished resetting the current domain, in  1.024 seconds
Domain Reload Profiling: 1472ms
	BeginReloadAssembly (144ms)
		ExecutionOrderSort (0ms)
		DisableScriptedObjects (5ms)
		BackupInstance (0ms)
		ReleaseScriptingObjects (0ms)
		CreateAndSetChildDomain (26ms)
	RebuildCommonClasses (31ms)
	RebuildNativeTypeToScriptingClass (11ms)
	initialDomainReloadingComplete (32ms)
	LoadAllAssembliesAndSetupDomain (230ms)
		LoadAssemblies (297ms)
		RebuildTransferFunctionScriptingTraits (0ms)
		AnalyzeDomain (15ms)
			TypeCache.Refresh (7ms)
				TypeCache.ScanAssembly (0ms)
			ScanForSourceGeneratedMonoScriptInfo (0ms)
			ResolveRequiredComponents (5ms)
	FinalizeReload (1025ms)
		ReleaseScriptCaches (0ms)
		RebuildScriptCaches (0ms)
		SetupLoadedEditorAssemblies (397ms)
			LogAssemblyErrors (0ms)
			InitializePlatformSupportModulesInManaged (7ms)
			SetLoadedEditorAssemblies (4ms)
			RefreshPlugins (0ms)
			BeforeProcessingInitializeOnLoad (73ms)
			ProcessInitializeOnLoadAttributes (280ms)
			ProcessInitializeOnLoadMethodAttributes (22ms)
			AfterProcessingInitializeOnLoad (11ms)
			EditorAssembliesLoaded (0ms)
		ExecutionOrderSort2 (0ms)
		AwakeInstancesAfterBackupRestoration (8ms)
Refreshing native plugins compatible for Editor in 7.71 ms, found 4 plugins.
Preloading 0 native plugins for Editor in 0.00 ms.
Unloading 3595 Unused Serialized files (Serialized files now loaded: 0)
Unloading 17 unused Assets / (30.1 KB). Loaded Objects now: 4259.
Memory consumption went from 149.0 MB to 149.0 MB.
Total: 4.198700 ms (FindLiveObjects: 0.376400 ms CreateObjectMapping: 0.323100 ms MarkObjects: 3.456700 ms  DeleteObjects: 0.041500 ms)

Prepare: number of updated asset objects reloaded= 0
AssetImportParameters requested are different than current active one (requested -> active):
  custom:container-demuxer-ogg: 62fdf1f143b41e24485cea50d1cbac27 -> 
  custom:video-decoder-ogg-theora: a1e56fd34408186e4bbccfd4996cb3dc -> 
  custom:framework-win-MediaFoundation: 216162199b28c13a410421893ffa2e32 -> 
  custom:CustomObjectIndexerAttribute: 9a22284fe3817be447336de3de66b15e -> 
  custom:container-demuxer-webm: 4f35f7cbe854078d1ac9338744f61a02 -> 
  custom:container-muxer-webm: aa71ff27fc2769a1b78a27578f13a17b -> 
  custom:video-decoder-webm-vp8: 9c59270c3fd7afecdb556c50c9e8de78 -> 
  custom:SearchIndexIgnoredProperties: e643bd26f0fe6173181afceb89e7c659 -> 
  custom:AudioImporter_EditorPlatform: d09bf68614088b80899f8185d706f6e7 -> 
  custom:video-encoder-webm-vp8: eb34c28f22e8b96e1ab97ce403110664 -> 
  custom:audio-decoder-ogg-vorbis: bf7c407c2cedff20999df2af8eb42d56 -> 
  custom:audio-encoder-webm-vorbis: bf7c407c2cedff20999df2af8eb42d56 -> 
  custom:scripting/precompiled-assembly-types:Assembly-CSharp: c68520965e34b97021d5152f19c8f5c4 -> c18a527c25352c9689f6d471c7466508
========================================================================
Received Prepare
Caller must complete domain reload
Begin MonoManager ReloadAssembly
- Loaded All Assemblies, in  0.454 seconds
Native extension for WindowsStandalone target not found
Mono: successfully reloaded assembly
- Finished resetting the current domain, in  1.037 seconds
Domain Reload Profiling: 1486ms
	BeginReloadAssembly (146ms)
		ExecutionOrderSort (0ms)
		DisableScriptedObjects (5ms)
		BackupInstance (0ms)
		ReleaseScriptingObjects (0ms)
		CreateAndSetChildDomain (27ms)
	RebuildCommonClasses (32ms)
	RebuildNativeTypeToScriptingClass (11ms)
	initialDomainReloadingComplete (32ms)
	LoadAllAssembliesAndSetupDomain (227ms)
		LoadAssemblies (298ms)
		RebuildTransferFunctionScriptingTraits (0ms)
		AnalyzeDomain (13ms)
			TypeCache.Refresh (5ms)
				TypeCache.ScanAssembly (0ms)
			ScanForSourceGeneratedMonoScriptInfo (0ms)
			ResolveRequiredComponents (5ms)
	FinalizeReload (1037ms)
		ReleaseScriptCaches (0ms)
		RebuildScriptCaches (0ms)
		SetupLoadedEditorAssemblies (404ms)
			LogAssemblyErrors (0ms)
			InitializePlatformSupportModulesInManaged (8ms)
			SetLoadedEditorAssemblies (3ms)
			RefreshPlugins (0ms)
			BeforeProcessingInitializeOnLoad (75ms)
			ProcessInitializeOnLoadAttributes (281ms)
			ProcessInitializeOnLoadMethodAttributes (26ms)
			AfterProcessingInitializeOnLoad (11ms)
			EditorAssembliesLoaded (0ms)
		ExecutionOrderSort2 (0ms)
		AwakeInstancesAfterBackupRestoration (9ms)
Refreshing native plugins compatible for Editor in 7.28 ms, found 4 plugins.
Preloading 0 native plugins for Editor in 0.00 ms.
Unloading 3595 Unused Serialized files (Serialized files now loaded: 0)
Unloading 17 unused Assets / (30.2 KB). Loaded Objects now: 4263.
Memory consumption went from 149.0 MB to 149.0 MB.
Total: 3.770000 ms (FindLiveObjects: 0.323300 ms CreateObjectMapping: 0.251500 ms MarkObjects: 3.139000 ms  DeleteObjects: 0.055300 ms)

Prepare: number of updated asset objects reloaded= 0
AssetImportParameters requested are different than current active one (requested -> active):
  custom:container-demuxer-ogg: 62fdf1f143b41e24485cea50d1cbac27 -> 
  custom:video-decoder-ogg-theora: a1e56fd34408186e4bbccfd4996cb3dc -> 
  custom:framework-win-MediaFoundation: 216162199b28c13a410421893ffa2e32 -> 
  custom:CustomObjectIndexerAttribute: 9a22284fe3817be447336de3de66b15e -> 
  custom:container-demuxer-webm: 4f35f7cbe854078d1ac9338744f61a02 -> 
  custom:container-muxer-webm: aa71ff27fc2769a1b78a27578f13a17b -> 
  custom:video-decoder-webm-vp8: 9c59270c3fd7afecdb556c50c9e8de78 -> 
  custom:SearchIndexIgnoredProperties: e643bd26f0fe6173181afceb89e7c659 -> 
  custom:AudioImporter_EditorPlatform: d09bf68614088b80899f8185d706f6e7 -> 
  custom:video-encoder-webm-vp8: eb34c28f22e8b96e1ab97ce403110664 -> 
  custom:audio-decoder-ogg-vorbis: bf7c407c2cedff20999df2af8eb42d56 -> 
  custom:audio-encoder-webm-vorbis: bf7c407c2cedff20999df2af8eb42d56 -> 
  custom:scripting/precompiled-assembly-types:Assembly-CSharp: c68520965e34b97021d5152f19c8f5c4 -> c18a527c25352c9689f6d471c7466508
========================================================================
Received Prepare
Caller must complete domain reload
Begin MonoManager ReloadAssembly
- Loaded All Assemblies, in  0.482 seconds
Native extension for WindowsStandalone target not found
Mono: successfully reloaded assembly
- Finished resetting the current domain, in  0.971 seconds
Domain Reload Profiling: 1448ms
	BeginReloadAssembly (151ms)
		ExecutionOrderSort (0ms)
		DisableScriptedObjects (5ms)
		BackupInstance (0ms)
		ReleaseScriptingObjects (0ms)
		CreateAndSetChildDomain (27ms)
	RebuildCommonClasses (35ms)
	RebuildNativeTypeToScriptingClass (11ms)
	initialDomainReloadingComplete (33ms)
	LoadAllAssembliesAndSetupDomain (246ms)
		LoadAssemblies (312ms)
		RebuildTransferFunctionScriptingTraits (0ms)
		AnalyzeDomain (22ms)
			TypeCache.Refresh (8ms)
				TypeCache.ScanAssembly (0ms)
			ScanForSourceGeneratedMonoScriptInfo (6ms)
			ResolveRequiredComponents (6ms)
	FinalizeReload (972ms)
		ReleaseScriptCaches (0ms)
		RebuildScriptCaches (0ms)
		SetupLoadedEditorAssemblies (364ms)
			LogAssemblyErrors (0ms)
			InitializePlatformSupportModulesInManaged (6ms)
			SetLoadedEditorAssemblies (3ms)
			RefreshPlugins (0ms)
			BeforeProcessingInitializeOnLoad (65ms)
			ProcessInitializeOnLoadAttributes (258ms)
			ProcessInitializeOnLoadMethodAttributes (21ms)
			AfterProcessingInitializeOnLoad (11ms)
			EditorAssembliesLoaded (0ms)
		ExecutionOrderSort2 (0ms)
		AwakeInstancesAfterBackupRestoration (7ms)
Refreshing native plugins compatible for Editor in 7.52 ms, found 4 plugins.
Preloading 0 native plugins for Editor in 0.00 ms.
Unloading 3595 Unused Serialized files (Serialized files now loaded: 0)
Unloading 17 unused Assets / (30.2 KB). Loaded Objects now: 4267.
Memory consumption went from 149.0 MB to 149.0 MB.
Total: 3.549800 ms (FindLiveObjects: 0.263900 ms CreateObjectMapping: 0.194000 ms MarkObjects: 3.061100 ms  DeleteObjects: 0.030100 ms)

Prepare: number of updated asset objects reloaded= 0
AssetImportParameters requested are different than current active one (requested -> active):
  custom:container-demuxer-ogg: 62fdf1f143b41e24485cea50d1cbac27 -> 
  custom:video-decoder-ogg-theora: a1e56fd34408186e4bbccfd4996cb3dc -> 
  custom:framework-win-MediaFoundation: 216162199b28c13a410421893ffa2e32 -> 
  custom:CustomObjectIndexerAttribute: 9a22284fe3817be447336de3de66b15e -> 
  custom:container-demuxer-webm: 4f35f7cbe854078d1ac9338744f61a02 -> 
  custom:container-muxer-webm: aa71ff27fc2769a1b78a27578f13a17b -> 
  custom:video-decoder-webm-vp8: 9c59270c3fd7afecdb556c50c9e8de78 -> 
  custom:SearchIndexIgnoredProperties: e643bd26f0fe6173181afceb89e7c659 -> 
  custom:AudioImporter_EditorPlatform: d09bf68614088b80899f8185d706f6e7 -> 
  custom:video-encoder-webm-vp8: eb34c28f22e8b96e1ab97ce403110664 -> 
  custom:audio-decoder-ogg-vorbis: bf7c407c2cedff20999df2af8eb42d56 -> 
  custom:audio-encoder-webm-vorbis: bf7c407c2cedff20999df2af8eb42d56 -> 
  custom:scripting/precompiled-assembly-types:Assembly-CSharp: edc3cc0bf283cba6ec3f7b416086940d -> c18a527c25352c9689f6d471c7466508
========================================================================
Received Prepare
Caller must complete domain reload
Begin MonoManager ReloadAssembly
- Loaded All Assemblies, in  0.452 seconds
Native extension for WindowsStandalone target not found
Mono: successfully reloaded assembly
- Finished resetting the current domain, in  1.016 seconds
Domain Reload Profiling: 1464ms
	BeginReloadAssembly (146ms)
		ExecutionOrderSort (0ms)
		DisableScriptedObjects (5ms)
		BackupInstance (0ms)
		ReleaseScriptingObjects (0ms)
		CreateAndSetChildDomain (24ms)
	RebuildCommonClasses (33ms)
	RebuildNativeTypeToScriptingClass (11ms)
	initialDomainReloadingComplete (32ms)
	LoadAllAssembliesAndSetupDomain (225ms)
		LoadAssemblies (296ms)
		RebuildTransferFunctionScriptingTraits (0ms)
		AnalyzeDomain (14ms)
			TypeCache.Refresh (7ms)
				TypeCache.ScanAssembly (0ms)
			ScanForSourceGeneratedMonoScriptInfo (0ms)
			ResolveRequiredComponents (6ms)
	FinalizeReload (1017ms)
		ReleaseScriptCaches (0ms)
		RebuildScriptCaches (0ms)
		SetupLoadedEditorAssemblies (409ms)
			LogAssemblyErrors (0ms)
			InitializePlatformSupportModulesInManaged (6ms)
			SetLoadedEditorAssemblies (3ms)
			RefreshPlugins (0ms)
			BeforeProcessingInitializeOnLoad (69ms)
			ProcessInitializeOnLoadAttributes (294ms)
			ProcessInitializeOnLoadMethodAttributes (24ms)
			AfterProcessingInitializeOnLoad (12ms)
			EditorAssembliesLoaded (0ms)
		ExecutionOrderSort2 (0ms)
		AwakeInstancesAfterBackupRestoration (9ms)
Refreshing native plugins compatible for Editor in 8.19 ms, found 4 plugins.
Preloading 0 native plugins for Editor in 0.00 ms.
Unloading 3595 Unused Serialized files (Serialized files now loaded: 0)
Unloading 17 unused Assets / (30.2 KB). Loaded Objects now: 4271.
Memory consumption went from 149.0 MB to 149.0 MB.
Total: 3.844900 ms (FindLiveObjects: 0.342300 ms CreateObjectMapping: 0.238900 ms MarkObjects: 3.218700 ms  DeleteObjects: 0.044400 ms)

Prepare: number of updated asset objects reloaded= 0
AssetImportParameters requested are different than current active one (requested -> active):
  custom:container-demuxer-ogg: 62fdf1f143b41e24485cea50d1cbac27 -> 
  custom:video-decoder-ogg-theora: a1e56fd34408186e4bbccfd4996cb3dc -> 
  custom:framework-win-MediaFoundation: 216162199b28c13a410421893ffa2e32 -> 
  custom:CustomObjectIndexerAttribute: 9a22284fe3817be447336de3de66b15e -> 
  custom:container-demuxer-webm: 4f35f7cbe854078d1ac9338744f61a02 -> 
  custom:container-muxer-webm: aa71ff27fc2769a1b78a27578f13a17b -> 
  custom:video-decoder-webm-vp8: 9c59270c3fd7afecdb556c50c9e8de78 -> 
  custom:SearchIndexIgnoredProperties: e643bd26f0fe6173181afceb89e7c659 -> 
  custom:AudioImporter_EditorPlatform: d09bf68614088b80899f8185d706f6e7 -> 
  custom:video-encoder-webm-vp8: eb34c28f22e8b96e1ab97ce403110664 -> 
  custom:audio-decoder-ogg-vorbis: bf7c407c2cedff20999df2af8eb42d56 -> 
  custom:audio-encoder-webm-vorbis: bf7c407c2cedff20999df2af8eb42d56 -> 
  custom:scripting/precompiled-assembly-types:Assembly-CSharp: edc3cc0bf283cba6ec3f7b416086940d -> c18a527c25352c9689f6d471c7466508
========================================================================
Received Prepare
Caller must complete domain reload
Begin MonoManager ReloadAssembly
- Loaded All Assemblies, in  0.454 seconds
Native extension for WindowsStandalone target not found
Mono: successfully reloaded assembly
- Finished resetting the current domain, in  1.051 seconds
Domain Reload Profiling: 1500ms
	BeginReloadAssembly (143ms)
		ExecutionOrderSort (0ms)
		DisableScriptedObjects (5ms)
		BackupInstance (0ms)
		ReleaseScriptingObjects (0ms)
		CreateAndSetChildDomain (24ms)
	RebuildCommonClasses (32ms)
	RebuildNativeTypeToScriptingClass (11ms)
	initialDomainReloadingComplete (32ms)
	LoadAllAssembliesAndSetupDomain (231ms)
		LoadAssemblies (299ms)
		RebuildTransferFunctionScriptingTraits (0ms)
		AnalyzeDomain (15ms)
			TypeCache.Refresh (7ms)
				TypeCache.ScanAssembly (0ms)
			ScanForSourceGeneratedMonoScriptInfo (0ms)
			ResolveRequiredComponents (6ms)
	FinalizeReload (1051ms)
		ReleaseScriptCaches (0ms)
		RebuildScriptCaches (0ms)
		SetupLoadedEditorAssemblies (427ms)
			LogAssemblyErrors (0ms)
			InitializePlatformSupportModulesInManaged (7ms)
			SetLoadedEditorAssemblies (4ms)
			RefreshPlugins (0ms)
			BeforeProcessingInitializeOnLoad (75ms)
			ProcessInitializeOnLoadAttributes (304ms)
			ProcessInitializeOnLoadMethodAttributes (25ms)
			AfterProcessingInitializeOnLoad (11ms)
			EditorAssembliesLoaded (0ms)
		ExecutionOrderSort2 (0ms)
		AwakeInstancesAfterBackupRestoration (10ms)
Refreshing native plugins compatible for Editor in 7.15 ms, found 4 plugins.
Preloading 0 native plugins for Editor in 0.00 ms.
Unloading 3595 Unused Serialized files (Serialized files now loaded: 0)
Unloading 17 unused Assets / (30.2 KB). Loaded Objects now: 4275.
Memory consumption went from 149.0 MB to 149.0 MB.
Total: 3.657500 ms (FindLiveObjects: 0.318300 ms CreateObjectMapping: 0.229500 ms MarkObjects: 3.068600 ms  DeleteObjects: 0.040300 ms)

Prepare: number of updated asset objects reloaded= 0
AssetImportParameters requested are different than current active one (requested -> active):
  custom:container-demuxer-ogg: 62fdf1f143b41e24485cea50d1cbac27 -> 
  custom:video-decoder-ogg-theora: a1e56fd34408186e4bbccfd4996cb3dc -> 
  custom:framework-win-MediaFoundation: 216162199b28c13a410421893ffa2e32 -> 
  custom:CustomObjectIndexerAttribute: 9a22284fe3817be447336de3de66b15e -> 
  custom:container-demuxer-webm: 4f35f7cbe854078d1ac9338744f61a02 -> 
  custom:container-muxer-webm: aa71ff27fc2769a1b78a27578f13a17b -> 
  custom:video-decoder-webm-vp8: 9c59270c3fd7afecdb556c50c9e8de78 -> 
  custom:SearchIndexIgnoredProperties: e643bd26f0fe6173181afceb89e7c659 -> 
  custom:AudioImporter_EditorPlatform: d09bf68614088b80899f8185d706f6e7 -> 
  custom:video-encoder-webm-vp8: eb34c28f22e8b96e1ab97ce403110664 -> 
  custom:audio-decoder-ogg-vorbis: bf7c407c2cedff20999df2af8eb42d56 -> 
  custom:audio-encoder-webm-vorbis: bf7c407c2cedff20999df2af8eb42d56 -> 
  custom:scripting/precompiled-assembly-types:Assembly-CSharp: edc3cc0bf283cba6ec3f7b416086940d -> c18a527c25352c9689f6d471c7466508
========================================================================
Received Prepare
Caller must complete domain reload
Begin MonoManager ReloadAssembly
- Loaded All Assemblies, in  0.462 seconds
Native extension for WindowsStandalone target not found
Mono: successfully reloaded assembly
- Finished resetting the current domain, in  1.022 seconds
Domain Reload Profiling: 1479ms
	BeginReloadAssembly (145ms)
		ExecutionOrderSort (0ms)
		DisableScriptedObjects (5ms)
		BackupInstance (0ms)
		ReleaseScriptingObjects (0ms)
		CreateAndSetChildDomain (26ms)
	RebuildCommonClasses (33ms)
	RebuildNativeTypeToScriptingClass (11ms)
	initialDomainReloadingComplete (33ms)
	LoadAllAssembliesAndSetupDomain (236ms)
		LoadAssemblies (305ms)
		RebuildTransferFunctionScriptingTraits (0ms)
		AnalyzeDomain (13ms)
			TypeCache.Refresh (6ms)
				TypeCache.ScanAssembly (0ms)
			ScanForSourceGeneratedMonoScriptInfo (0ms)
			ResolveRequiredComponents (6ms)
	FinalizeReload (1023ms)
		ReleaseScriptCaches (0ms)
		RebuildScriptCaches (0ms)
		SetupLoadedEditorAssemblies (422ms)
			LogAssemblyErrors (0ms)
			InitializePlatformSupportModulesInManaged (8ms)
			SetLoadedEditorAssemblies (4ms)
			RefreshPlugins (0ms)
			BeforeProcessingInitializeOnLoad (73ms)
			ProcessInitializeOnLoadAttributes (301ms)
			ProcessInitializeOnLoadMethodAttributes (25ms)
			AfterProcessingInitializeOnLoad (12ms)
			EditorAssembliesLoaded (0ms)
		ExecutionOrderSort2 (0ms)
		AwakeInstancesAfterBackupRestoration (8ms)
Refreshing native plugins compatible for Editor in 7.35 ms, found 4 plugins.
Preloading 0 native plugins for Editor in 0.00 ms.
Unloading 3595 Unused Serialized files (Serialized files now loaded: 0)
Unloading 17 unused Assets / (30.2 KB). Loaded Objects now: 4279.
Memory consumption went from 149.1 MB to 149.0 MB.
Total: 3.734400 ms (FindLiveObjects: 0.274400 ms CreateObjectMapping: 0.192000 ms MarkObjects: 3.226000 ms  DeleteObjects: 0.041100 ms)

Prepare: number of updated asset objects reloaded= 0
AssetImportParameters requested are different than current active one (requested -> active):
  custom:container-demuxer-ogg: 62fdf1f143b41e24485cea50d1cbac27 -> 
  custom:video-decoder-ogg-theora: a1e56fd34408186e4bbccfd4996cb3dc -> 
  custom:framework-win-MediaFoundation: 216162199b28c13a410421893ffa2e32 -> 
  custom:CustomObjectIndexerAttribute: 9a22284fe3817be447336de3de66b15e -> 
  custom:container-demuxer-webm: 4f35f7cbe854078d1ac9338744f61a02 -> 
  custom:container-muxer-webm: aa71ff27fc2769a1b78a27578f13a17b -> 
  custom:video-decoder-webm-vp8: 9c59270c3fd7afecdb556c50c9e8de78 -> 
  custom:SearchIndexIgnoredProperties: e643bd26f0fe6173181afceb89e7c659 -> 
  custom:AudioImporter_EditorPlatform: d09bf68614088b80899f8185d706f6e7 -> 
  custom:video-encoder-webm-vp8: eb34c28f22e8b96e1ab97ce403110664 -> 
  custom:audio-decoder-ogg-vorbis: bf7c407c2cedff20999df2af8eb42d56 -> 
  custom:audio-encoder-webm-vorbis: bf7c407c2cedff20999df2af8eb42d56 -> 
  custom:scripting/precompiled-assembly-types:Assembly-CSharp: edc3cc0bf283cba6ec3f7b416086940d -> c18a527c25352c9689f6d471c7466508
========================================================================
Received Prepare
Caller must complete domain reload
Begin MonoManager ReloadAssembly
- Loaded All Assemblies, in  0.460 seconds
Native extension for WindowsStandalone target not found
Mono: successfully reloaded assembly
- Finished resetting the current domain, in  1.030 seconds
Domain Reload Profiling: 1485ms
	BeginReloadAssembly (145ms)
		ExecutionOrderSort (0ms)
		DisableScriptedObjects (5ms)
		BackupInstance (0ms)
		ReleaseScriptingObjects (0ms)
		CreateAndSetChildDomain (26ms)
	RebuildCommonClasses (32ms)
	RebuildNativeTypeToScriptingClass (11ms)
	initialDomainReloadingComplete (32ms)
	LoadAllAssembliesAndSetupDomain (236ms)
		LoadAssemblies (304ms)
		RebuildTransferFunctionScriptingTraits (0ms)
		AnalyzeDomain (14ms)
			TypeCache.Refresh (6ms)
				TypeCache.ScanAssembly (0ms)
			ScanForSourceGeneratedMonoScriptInfo (0ms)
			ResolveRequiredComponents (6ms)
	FinalizeReload (1030ms)
		ReleaseScriptCaches (0ms)
		RebuildScriptCaches (0ms)
		SetupLoadedEditorAssemblies (410ms)
			LogAssemblyErrors (0ms)
			InitializePlatformSupportModulesInManaged (7ms)
			SetLoadedEditorAssemblies (3ms)
			RefreshPlugins (0ms)
			BeforeProcessingInitializeOnLoad (72ms)
			ProcessInitializeOnLoadAttributes (290ms)
			ProcessInitializeOnLoadMethodAttributes (25ms)
			AfterProcessingInitializeOnLoad (11ms)
			EditorAssembliesLoaded (0ms)
		ExecutionOrderSort2 (0ms)
		AwakeInstancesAfterBackupRestoration (8ms)
Refreshing native plugins compatible for Editor in 7.48 ms, found 4 plugins.
Preloading 0 native plugins for Editor in 0.00 ms.
Unloading 3595 Unused Serialized files (Serialized files now loaded: 0)
Unloading 17 unused Assets / (30.3 KB). Loaded Objects now: 4283.
Memory consumption went from 149.1 MB to 149.0 MB.
Total: 4.332400 ms (FindLiveObjects: 0.332100 ms CreateObjectMapping: 0.274800 ms MarkObjects: 3.679800 ms  DeleteObjects: 0.044700 ms)

Prepare: number of updated asset objects reloaded= 0
AssetImportParameters requested are different than current active one (requested -> active):
  custom:container-demuxer-ogg: 62fdf1f143b41e24485cea50d1cbac27 -> 
  custom:video-decoder-ogg-theora: a1e56fd34408186e4bbccfd4996cb3dc -> 
  custom:framework-win-MediaFoundation: 216162199b28c13a410421893ffa2e32 -> 
  custom:CustomObjectIndexerAttribute: 9a22284fe3817be447336de3de66b15e -> 
  custom:container-demuxer-webm: 4f35f7cbe854078d1ac9338744f61a02 -> 
  custom:container-muxer-webm: aa71ff27fc2769a1b78a27578f13a17b -> 
  custom:video-decoder-webm-vp8: 9c59270c3fd7afecdb556c50c9e8de78 -> 
  custom:SearchIndexIgnoredProperties: e643bd26f0fe6173181afceb89e7c659 -> 
  custom:AudioImporter_EditorPlatform: d09bf68614088b80899f8185d706f6e7 -> 
  custom:video-encoder-webm-vp8: eb34c28f22e8b96e1ab97ce403110664 -> 
  custom:audio-decoder-ogg-vorbis: bf7c407c2cedff20999df2af8eb42d56 -> 
  custom:audio-encoder-webm-vorbis: bf7c407c2cedff20999df2af8eb42d56 -> 
  custom:scripting/precompiled-assembly-types:Assembly-CSharp: edc3cc0bf283cba6ec3f7b416086940d -> c18a527c25352c9689f6d471c7466508
========================================================================
Received Prepare
Caller must complete domain reload
Begin MonoManager ReloadAssembly
- Loaded All Assemblies, in  0.459 seconds
Native extension for WindowsStandalone target not found
Mono: successfully reloaded assembly
- Finished resetting the current domain, in  1.019 seconds
Domain Reload Profiling: 1473ms
	BeginReloadAssembly (144ms)
		ExecutionOrderSort (0ms)
		DisableScriptedObjects (5ms)
		BackupInstance (0ms)
		ReleaseScriptingObjects (0ms)
		CreateAndSetChildDomain (25ms)
	RebuildCommonClasses (31ms)
	RebuildNativeTypeToScriptingClass (11ms)
	initialDomainReloadingComplete (33ms)
	LoadAllAssembliesAndSetupDomain (235ms)
		LoadAssemblies (305ms)
		RebuildTransferFunctionScriptingTraits (0ms)
		AnalyzeDomain (13ms)
			TypeCache.Refresh (6ms)
				TypeCache.ScanAssembly (0ms)
			ScanForSourceGeneratedMonoScriptInfo (0ms)
			ResolveRequiredComponents (5ms)
	FinalizeReload (1019ms)
		ReleaseScriptCaches (0ms)
		RebuildScriptCaches (0ms)
		SetupLoadedEditorAssemblies (418ms)
			LogAssemblyErrors (0ms)
			InitializePlatformSupportModulesInManaged (7ms)
			SetLoadedEditorAssemblies (3ms)
			RefreshPlugins (0ms)
			BeforeProcessingInitializeOnLoad (77ms)
			ProcessInitializeOnLoadAttributes (295ms)
			ProcessInitializeOnLoadMethodAttributes (24ms)
			AfterProcessingInitializeOnLoad (11ms)
			EditorAssembliesLoaded (0ms)
		ExecutionOrderSort2 (0ms)
		AwakeInstancesAfterBackupRestoration (8ms)
Refreshing native plugins compatible for Editor in 6.62 ms, found 4 plugins.
Preloading 0 native plugins for Editor in 0.00 ms.
Unloading 3595 Unused Serialized files (Serialized files now loaded: 0)
Unloading 17 unused Assets / (30.3 KB). Loaded Objects now: 4287.
Memory consumption went from 149.1 MB to 149.0 MB.
Total: 3.708800 ms (FindLiveObjects: 0.291900 ms CreateObjectMapping: 0.209400 ms MarkObjects: 3.166800 ms  DeleteObjects: 0.039700 ms)

Prepare: number of updated asset objects reloaded= 0
AssetImportParameters requested are different than current active one (requested -> active):
  custom:container-demuxer-ogg: 62fdf1f143b41e24485cea50d1cbac27 -> 
  custom:video-decoder-ogg-theora: a1e56fd34408186e4bbccfd4996cb3dc -> 
  custom:framework-win-MediaFoundation: 216162199b28c13a410421893ffa2e32 -> 
  custom:CustomObjectIndexerAttribute: 9a22284fe3817be447336de3de66b15e -> 
  custom:container-demuxer-webm: 4f35f7cbe854078d1ac9338744f61a02 -> 
  custom:container-muxer-webm: aa71ff27fc2769a1b78a27578f13a17b -> 
  custom:video-decoder-webm-vp8: 9c59270c3fd7afecdb556c50c9e8de78 -> 
  custom:SearchIndexIgnoredProperties: e643bd26f0fe6173181afceb89e7c659 -> 
  custom:AudioImporter_EditorPlatform: d09bf68614088b80899f8185d706f6e7 -> 
  custom:video-encoder-webm-vp8: eb34c28f22e8b96e1ab97ce403110664 -> 
  custom:audio-decoder-ogg-vorbis: bf7c407c2cedff20999df2af8eb42d56 -> 
  custom:audio-encoder-webm-vorbis: bf7c407c2cedff20999df2af8eb42d56 -> 
  custom:scripting/precompiled-assembly-types:Assembly-CSharp: edc3cc0bf283cba6ec3f7b416086940d -> c18a527c25352c9689f6d471c7466508
========================================================================
Received Prepare
Caller must complete domain reload
Begin MonoManager ReloadAssembly
- Loaded All Assemblies, in  0.452 seconds
Native extension for WindowsStandalone target not found
Mono: successfully reloaded assembly
- Finished resetting the current domain, in  1.067 seconds
Domain Reload Profiling: 1514ms
	BeginReloadAssembly (143ms)
		ExecutionOrderSort (0ms)
		DisableScriptedObjects (5ms)
		BackupInstance (0ms)
		ReleaseScriptingObjects (0ms)
		CreateAndSetChildDomain (25ms)
	RebuildCommonClasses (33ms)
	RebuildNativeTypeToScriptingClass (10ms)
	initialDomainReloadingComplete (32ms)
	LoadAllAssembliesAndSetupDomain (228ms)
		LoadAssemblies (297ms)
		RebuildTransferFunctionScriptingTraits (0ms)
		AnalyzeDomain (14ms)
			TypeCache.Refresh (6ms)
				TypeCache.ScanAssembly (0ms)
			ScanForSourceGeneratedMonoScriptInfo (0ms)
			ResolveRequiredComponents (5ms)
	FinalizeReload (1067ms)
		ReleaseScriptCaches (0ms)
		RebuildScriptCaches (0ms)
		SetupLoadedEditorAssemblies (431ms)
			LogAssemblyErrors (0ms)
			InitializePlatformSupportModulesInManaged (8ms)
			SetLoadedEditorAssemblies (4ms)
			RefreshPlugins (0ms)
			BeforeProcessingInitializeOnLoad (76ms)
			ProcessInitializeOnLoadAttributes (305ms)
			ProcessInitializeOnLoadMethodAttributes (25ms)
			AfterProcessingInitializeOnLoad (12ms)
			EditorAssembliesLoaded (0ms)
		ExecutionOrderSort2 (0ms)
		AwakeInstancesAfterBackupRestoration (10ms)
Refreshing native plugins compatible for Editor in 7.45 ms, found 4 plugins.
Preloading 0 native plugins for Editor in 0.00 ms.
Unloading 3595 Unused Serialized files (Serialized files now loaded: 0)
Unloading 17 unused Assets / (30.2 KB). Loaded Objects now: 4291.
Memory consumption went from 149.1 MB to 149.0 MB.
Total: 4.004300 ms (FindLiveObjects: 0.358800 ms CreateObjectMapping: 0.303100 ms MarkObjects: 3.285500 ms  DeleteObjects: 0.055800 ms)

Prepare: number of updated asset objects reloaded= 0
AssetImportParameters requested are different than current active one (requested -> active):
  custom:container-demuxer-ogg: 62fdf1f143b41e24485cea50d1cbac27 -> 
  custom:video-decoder-ogg-theora: a1e56fd34408186e4bbccfd4996cb3dc -> 
  custom:framework-win-MediaFoundation: 216162199b28c13a410421893ffa2e32 -> 
  custom:CustomObjectIndexerAttribute: 9a22284fe3817be447336de3de66b15e -> 
  custom:container-demuxer-webm: 4f35f7cbe854078d1ac9338744f61a02 -> 
  custom:container-muxer-webm: aa71ff27fc2769a1b78a27578f13a17b -> 
  custom:video-decoder-webm-vp8: 9c59270c3fd7afecdb556c50c9e8de78 -> 
  custom:SearchIndexIgnoredProperties: e643bd26f0fe6173181afceb89e7c659 -> 
  custom:AudioImporter_EditorPlatform: d09bf68614088b80899f8185d706f6e7 -> 
  custom:video-encoder-webm-vp8: eb34c28f22e8b96e1ab97ce403110664 -> 
  custom:audio-decoder-ogg-vorbis: bf7c407c2cedff20999df2af8eb42d56 -> 
  custom:audio-encoder-webm-vorbis: bf7c407c2cedff20999df2af8eb42d56 -> 
  custom:scripting/precompiled-assembly-types:Assembly-CSharp: edc3cc0bf283cba6ec3f7b416086940d -> c18a527c25352c9689f6d471c7466508
========================================================================
Received Import Request.
  Time since last request: 2221.979881 seconds.
  path: Assets/textures/clothNormal.png
  artifactKey: Guid(ebb4628c238205f4ba23e1f968293bce) Importer(815301076,1909f56bfc062723c751e8b465ee728b)
Start importing Assets/textures/clothNormal.png using Guid(ebb4628c238205f4ba23e1f968293bce) Importer(815301076,1909f56bfc062723c751e8b465ee728b) [PhysX] Initialized MultithreadedTaskDispatcher with 12 workers.
[PhysX] Initialized MultithreadedTaskDispatcher with 12 workers.
 -> (artifact id: '75b73704dea2aafd7e9007e6c58fe8ac') in 0.095617 seconds
Number of updated asset objects reloaded before import = 0
Number of asset objects unloaded after import = 2
========================================================================
Received Import Request.
  Time since last request: 0.000030 seconds.
  path: Assets/textures/weaponsNormal.png
  artifactKey: Guid(8465aabecbdc12b4188dc2f99129f201) Importer(815301076,1909f56bfc062723c751e8b465ee728b)
Start importing Assets/textures/weaponsNormal.png using Guid(8465aabecbdc12b4188dc2f99129f201) Importer(815301076,1909f56bfc062723c751e8b465ee728b) [PhysX] Initialized MultithreadedTaskDispatcher with 12 workers.
[PhysX] Initialized MultithreadedTaskDispatcher with 12 workers.
 -> (artifact id: '6b175fa4fbe052617f173c8b48ab5cc0') in 0.050546 seconds
Number of updated asset objects reloaded before import = 0
Number of asset objects unloaded after import = 2
========================================================================
Received Import Request.
  Time since last request: 0.000022 seconds.
  path: Assets/textures/crossbowNormal.png
  artifactKey: Guid(f06835d554f517e44b85cc130dfdb37f) Importer(815301076,1909f56bfc062723c751e8b465ee728b)
Start importing Assets/textures/crossbowNormal.png using Guid(f06835d554f517e44b85cc130dfdb37f) Importer(815301076,1909f56bfc062723c751e8b465ee728b) [PhysX] Initialized MultithreadedTaskDispatcher with 12 workers.
[PhysX] Initialized MultithreadedTaskDispatcher with 12 workers.
 -> (artifact id: 'e4a56b41f0d28d5754ae9d29bfbba911') in 0.014271 seconds
Number of updated asset objects reloaded before import = 0
Number of asset objects unloaded after import = 2
========================================================================
Received Import Request.
  Time since last request: 114.949507 seconds.
  path: Assets/textures/decor/woodenfence_linker_Metalness.png
  artifactKey: Guid(795159ac92a41b140a9ad950b1eab601) Importer(815301076,1909f56bfc062723c751e8b465ee728b)
Start importing Assets/textures/decor/woodenfence_linker_Metalness.png using Guid(795159ac92a41b140a9ad950b1eab601) Importer(815301076,1909f56bfc062723c751e8b465ee728b) [PhysX] Initialized MultithreadedTaskDispatcher with 12 workers.
[PhysX] Initialized MultithreadedTaskDispatcher with 12 workers.
 -> (artifact id: '80d29b31ff0d60a7205eeb9275ef85f5') in 0.052446 seconds
Number of updated asset objects reloaded before import = 0
Number of asset objects unloaded after import = 2
========================================================================
Received Import Request.
  Time since last request: 0.000019 seconds.
  path: Assets/textures/decor/woodenfence_style1_8sets_Metalness.png
  artifactKey: Guid(fe4455ccdc903014b942e8d796e205d9) Importer(815301076,1909f56bfc062723c751e8b465ee728b)
Start importing Assets/textures/decor/woodenfence_style1_8sets_Metalness.png using Guid(fe4455ccdc903014b942e8d796e205d9) Importer(815301076,1909f56bfc062723c751e8b465ee728b) [PhysX] Initialized MultithreadedTaskDispatcher with 12 workers.
[PhysX] Initialized MultithreadedTaskDispatcher with 12 workers.
 -> (artifact id: '99b2e3608db51c21cee1fe207a4d7101') in 0.012902 seconds
Number of updated asset objects reloaded before import = 0
Number of asset objects unloaded after import = 2
========================================================================
Received Import Request.
  Time since last request: 0.000021 seconds.
  path: Assets/textures/decor/woodenfence_style1_8sets_Normal.png
  artifactKey: Guid(24e751384ac48de46b413b83aed7ac2c) Importer(815301076,1909f56bfc062723c751e8b465ee728b)
Start importing Assets/textures/decor/woodenfence_style1_8sets_Normal.png using Guid(24e751384ac48de46b413b83aed7ac2c) Importer(815301076,1909f56bfc062723c751e8b465ee728b) [PhysX] Initialized MultithreadedTaskDispatcher with 12 workers.
[PhysX] Initialized MultithreadedTaskDispatcher with 12 workers.
 -> (artifact id: '6aba485aeaffdc1401cfc95913424422') in 0.025994 seconds
Number of updated asset objects reloaded before import = 0
Number of asset objects unloaded after import = 2
========================================================================
Received Import Request.
  Time since last request: 0.000019 seconds.
  path: Assets/textures/decor/woodenfence_style1_door1_Metalness.png
  artifactKey: Guid(b6ebc389a595ed140a3e6b7f0c500cc3) Importer(815301076,1909f56bfc062723c751e8b465ee728b)
Start importing Assets/textures/decor/woodenfence_style1_door1_Metalness.png using Guid(b6ebc389a595ed140a3e6b7f0c500cc3) Importer(815301076,1909f56bfc062723c751e8b465ee728b) [PhysX] Initialized MultithreadedTaskDispatcher with 12 workers.
[PhysX] Initialized MultithreadedTaskDispatcher with 12 workers.
 -> (artifact id: '645074c880cb5c83e0f29a2d285a06d3') in 0.061287 seconds
Number of updated asset objects reloaded before import = 0
Number of asset objects unloaded after import = 2
========================================================================
Received Import Request.
  Time since last request: 0.000019 seconds.
  path: Assets/textures/decor/woodenfence_style2_8sets_Metalness.png
  artifactKey: Guid(4957720bd37ec3546a68cb29f38b5a51) Importer(815301076,1909f56bfc062723c751e8b465ee728b)
Start importing Assets/textures/decor/woodenfence_style2_8sets_Metalness.png using Guid(4957720bd37ec3546a68cb29f38b5a51) Importer(815301076,1909f56bfc062723c751e8b465ee728b) [PhysX] Initialized MultithreadedTaskDispatcher with 12 workers.
[PhysX] Initialized MultithreadedTaskDispatcher with 12 workers.
 -> (artifact id: '022f8598936dc64fac42c66c1c5ecd52') in 0.012942 seconds
Number of updated asset objects reloaded before import = 0
Number of asset objects unloaded after import = 2
========================================================================
Received Import Request.
  Time since last request: 0.000017 seconds.
  path: Assets/textures/decor/woodenfence_style2_door_Normal.png
  artifactKey: Guid(c9677721645fa2f48a6bb5c9ee6f129c) Importer(815301076,1909f56bfc062723c751e8b465ee728b)
Start importing Assets/textures/decor/woodenfence_style2_door_Normal.png using Guid(c9677721645fa2f48a6bb5c9ee6f129c) Importer(815301076,1909f56bfc062723c751e8b465ee728b) [PhysX] Initialized MultithreadedTaskDispatcher with 12 workers.
[PhysX] Initialized MultithreadedTaskDispatcher with 12 workers.
 -> (artifact id: '72585352efe257fe4f9387537a2d439a') in 0.027609 seconds
Number of updated asset objects reloaded before import = 0
Number of asset objects unloaded after import = 2
========================================================================
Received Import Request.
  Time since last request: 0.000028 seconds.
  path: Assets/textures/decor/woodenfence_style2_door_BaseColor.png
  artifactKey: Guid(98cacc27bd4d927499442ea781eb7f6c) Importer(815301076,1909f56bfc062723c751e8b465ee728b)
Start importing Assets/textures/decor/woodenfence_style2_door_BaseColor.png using Guid(98cacc27bd4d927499442ea781eb7f6c) Importer(815301076,1909f56bfc062723c751e8b465ee728b) [PhysX] Initialized MultithreadedTaskDispatcher with 12 workers.
[PhysX] Initialized MultithreadedTaskDispatcher with 12 workers.
 -> (artifact id: '9f22540a896a6bc288d30ff9ff21febb') in 0.014982 seconds
Number of updated asset objects reloaded before import = 0
Number of asset objects unloaded after import = 2
========================================================================
Received Import Request.
  Time since last request: 0.000023 seconds.
  path: Assets/textures/decor/woodenfence_style2_door_Roughness.png
  artifactKey: Guid(f83028ea0bea6504e9265417ce1a2dba) Importer(815301076,1909f56bfc062723c751e8b465ee728b)
Start importing Assets/textures/decor/woodenfence_style2_door_Roughness.png using Guid(f83028ea0bea6504e9265417ce1a2dba) Importer(815301076,1909f56bfc062723c751e8b465ee728b) [PhysX] Initialized MultithreadedTaskDispatcher with 12 workers.
[PhysX] Initialized MultithreadedTaskDispatcher with 12 workers.
 -> (artifact id: '61a9462e9b23041de7aede7ed143b790') in 0.015653 seconds
Number of updated asset objects reloaded before import = 0
Number of asset objects unloaded after import = 2
========================================================================
Received Import Request.
  Time since last request: 0.000021 seconds.
  path: Assets/textures/decor/woodenfence_style1_door1_Normal.png
  artifactKey: Guid(45c909e0ef8ef9b43970a21a20bdf96c) Importer(815301076,1909f56bfc062723c751e8b465ee728b)
Start importing Assets/textures/decor/woodenfence_style1_door1_Normal.png using Guid(45c909e0ef8ef9b43970a21a20bdf96c) Importer(815301076,1909f56bfc062723c751e8b465ee728b) [PhysX] Initialized MultithreadedTaskDispatcher with 12 workers.
[PhysX] Initialized MultithreadedTaskDispatcher with 12 workers.
 -> (artifact id: 'c64508d7c14ca33dd2f7afa4fe07260a') in 0.014378 seconds
Number of updated asset objects reloaded before import = 0
Number of asset objects unloaded after import = 2
========================================================================
Received Import Request.
  Time since last request: 0.000022 seconds.
  path: Assets/textures/decor/woodenfence_style1_8sets_BaseColor.png
  artifactKey: Guid(04009bace7ed7cd4a87743ffa2d7a713) Importer(815301076,1909f56bfc062723c751e8b465ee728b)
Start importing Assets/textures/decor/woodenfence_style1_8sets_BaseColor.png using Guid(04009bace7ed7cd4a87743ffa2d7a713) Importer(815301076,1909f56bfc062723c751e8b465ee728b) [PhysX] Initialized MultithreadedTaskDispatcher with 12 workers.
[PhysX] Initialized MultithreadedTaskDispatcher with 12 workers.
 -> (artifact id: '602cb5eae5660c4c6a13b276da43b0b8') in 0.013507 seconds
Number of updated asset objects reloaded before import = 0
Number of asset objects unloaded after import = 2
Editor requested this worker to shutdown with reason: Scaling down because of idle timeout
TcpMessagingSession - receive error: operation aborted. errorcode: 995, details: ќпераци€ ввода/вывода была прервана из-за завершени€ потока команд или по запросу приложени€.
AssetImportWorker is now disconnected from the server
Process exiting
Exiting without the bug reporter. Application will terminate with return code 0